Wallet Name,Address,Amount,Status,Unlock Date,Value (THB)
1,addr1q89gq9df3dmw7gwrp9x357w87dppmaefu6vhc5m58u22sh6em0puga39x0j6040l3hht6hyzfcd7dzq6mx3cphaualvqyq9zkn,6.078087,⏳ 52วัน 5ชม.,12/02/2026 07:00,19.247551958372448
1,addr1q89gq9df3dmw7gwrp9x357w87dppmaefu6vhc5m58u22sh6em0puga39x0j6040l3hht6hyzfcd7dzq6mx3cphaualvqyq9zkn,6.078087,⏳ 142วัน 5ชม.,13/05/2026 07:00,19.247551958372448
1,addr1q89gq9df3dmw7gwrp9x357w87dppmaefu6vhc5m58u22sh6em0puga39x0j6040l3hht6hyzfcd7dzq6mx3cphaualvqyq9zkn,6.078087,⏳ 232วัน 5ชม.,11/08/2026 07:00,19.247551958372448
1,addr1q89gq9df3dmw7gwrp9x357w87dppmaefu6vhc5m58u22sh6em0puga39x0j6040l3hht6hyzfcd7dzq6mx3cphaualvqyq9zkn,6.07809,⏳ 322วัน 5ชม.,09/11/2026 07:00,19.247561458508905
9,addr1qxz9r82e9mr6psqjrgrdw4dfgxc5epp83ctq42ykp996fg57w29nmkrgwv4mmakq0kfqa7d4tfp5kkld9s65vnzzjkfslvfujp,84.406391,⏳ 40วัน 5ชม.,31/01/2026 07:00,267.2907440106074
9,addr1qxz9r82e9mr6psqjrgrdw4dfgxc5epp83ctq42ykp996fg57w29nmkrgwv4mmakq0kfqa7d4tfp5kkld9s65vnzzjkfslvfujp,84.406391,⏳ 130วัน 5ชม.,01/05/2026 07:00,267.2907440106074
9,addr1qxz9r82e9mr6psqjrgrdw4dfgxc5epp83ctq42ykp996fg57w29nmkrgwv4mmakq0kfqa7d4tfp5kkld9s65vnzzjkfslvfujp,84.406391,⏳ 220วัน 5ชม.,30/07/2026 07:00,267.2907440106074
9,addr1qxz9r82e9mr6psqjrgrdw4dfgxc5epp83ctq42ykp996fg57w29nmkrgwv4mmakq0kfqa7d4tfp5kkld9s65vnzzjkfslvfujp,84.406392,⏳ 310วัน 5ชม.,28/10/2026 07:00,267.29074717731953
10,addr1q99qvq9fe904sk0zheafngz9nsm2wngxg9l5wy40wlhte4wlmrm03jsdpwqqyxc55tex8dqv4a5dvehj4masevjdfzfqqdru6d,50.754044,⏳ 41วัน 5ชม.,01/02/2026 07:00,160.72344785251042
10,addr1q99qvq9fe904sk0zheafngz9nsm2wngxg9l5wy40wlhte4wlmrm03jsdpwqqyxc55tex8dqv4a5dvehj4masevjdfzfqqdru6d,50.754044,⏳ 131วัน 5ชม.,02/05/2026 07:00,160.72344785251042
10,addr1q99qvq9fe904sk0zheafngz9nsm2wngxg9l5wy40wlhte4wlmrm03jsdpwqqyxc55tex8dqv4a5dvehj4masevjdfzfqqdru6d,50.754044,⏳ 221วัน 5ชม.,31/07/2026 07:00,160.72344785251042
10,addr1q99qvq9fe904sk0zheafngz9nsm2wngxg9l5wy40wlhte4wlmrm03jsdpwqqyxc55tex8dqv4a5dvehj4masevjdfzfqqdru6d,50.754046,⏳ 311วัน 5ชม.,29/10/2026 07:00,160.7234541859347
3,addr1qycs80xrprcv7m7j3tpcc6ana0umuln9ck3jhzxxndf0fl3nu3jf330pa3a8zfshqte5v9ruuyusqy620xvjzugfavrq0kjgl7,15.432311,⏳ 45วัน 5ชม.,05/02/2026 07:00,48.8696867633291
3,addr1qycs80xrprcv7m7j3tpcc6ana0umuln9ck3jhzxxndf0fl3nu3jf330pa3a8zfshqte5v9ruuyusqy620xvjzugfavrq0kjgl7,15.432311,⏳ 135วัน 5ชม.,06/05/2026 07:00,48.8696867633291
3,addr1qycs80xrprcv7m7j3tpcc6ana0umuln9ck3jhzxxndf0fl3nu3jf330pa3a8zfshqte5v9ruuyusqy620xvjzugfavrq0kjgl7,15.432311,⏳ 225วัน 5ชม.,04/08/2026 07:00,48.8696867633291
3,addr1qycs80xrprcv7m7j3tpcc6ana0umuln9ck3jhzxxndf0fl3nu3jf330pa3a8zfshqte5v9ruuyusqy620xvjzugfavrq0kjgl7,15.432314,⏳ 315วัน 5ชม.,02/11/2026 07:00,48.86969626346555
5,addr1qyyqtats383l0rdglwhkjxjuqqgs2ea9vj77ma4l24c5gx4cqqcn42tcxx4dh5zf8qfzy34ztunmtzpceuurmmn48ffs4z480k,11.091178,⏳ 41วัน 5ชม.,01/02/2026 07:00,35.12256814266683
5,addr1qyyqtats383l0rdglwhkjxjuqqgs2ea9vj77ma4l24c5gx4cqqcn42tcxx4dh5zf8qfzy34ztunmtzpceuurmmn48ffs4z480k,11.091178,⏳ 131วัน 5ชม.,02/05/2026 07:00,35.12256814266683
5,addr1qyyqtats383l0rdglwhkjxjuqqgs2ea9vj77ma4l24c5gx4cqqcn42tcxx4dh5zf8qfzy34ztunmtzpceuurmmn48ffs4z480k,11.091178,⏳ 221วัน 5ชม.,31/07/2026 07:00,35.12256814266683
5,addr1qyyqtats383l0rdglwhkjxjuqqgs2ea9vj77ma4l24c5gx4cqqcn42tcxx4dh5zf8qfzy34ztunmtzpceuurmmn48ffs4z480k,11.091181,⏳ 311วัน 5ชม.,29/10/2026 07:00,35.122577642803286
10,addr1qxq3dena2q2rw5yr5yuthdkxtu9p9lpqxq74tn4fsjjj0z8206u8lrrthlr76x3xr7dgm0y9kndvxu8kgnp4z23pnlfqaqvxwq,38.296735,✅ เคลมได้เลย,19/12/2025 07:00,121.27473607214255
10,addr1qxq3dena2q2rw5yr5yuthdkxtu9p9lpqxq74tn4fsjjj0z8206u8lrrthlr76x3xr7dgm0y9kndvxu8kgnp4z23pnlfqaqvxwq,38.296735,⏳ 87วัน 5ชม.,19/03/2026 07:00,121.27473607214255
10,addr1qxq3dena2q2rw5yr5yuthdkxtu9p9lpqxq74tn4fsjjj0z8206u8lrrthlr76x3xr7dgm0y9kndvxu8kgnp4z23pnlfqaqvxwq,38.296735,⏳ 177วัน 5ชม.,17/06/2026 07:00,121.27473607214255
10,addr1qxq3dena2q2rw5yr5yuthdkxtu9p9lpqxq74tn4fsjjj0z8206u8lrrthlr76x3xr7dgm0y9kndvxu8kgnp4z23pnlfqaqvxwq,38.296738,⏳ 267วัน 5ชม.,15/09/2026 07:00,121.27474557227899
1,addr1qy2z5adp8vxdy2n4xgyj7dr03g7l3vv8zdpdc8nraa8s7x2tnj26jsdl5mtv7jadrklj8ftcga33kugfp0apq9fjy6fs4e68ny,1.647833,⏳ 13วัน 5ชม.,04/01/2026 07:00,5.218212784091565
1,addr1qy2z5adp8vxdy2n4xgyj7dr03g7l3vv8zdpdc8nraa8s7x2tnj26jsdl5mtv7jadrklj8ftcga33kugfp0apq9fjy6fs4e68ny,1.647833,⏳ 103วัน 5ชม.,04/04/2026 07:00,5.218212784091565
1,addr1qy2z5adp8vxdy2n4xgyj7dr03g7l3vv8zdpdc8nraa8s7x2tnj26jsdl5mtv7jadrklj8ftcga33kugfp0apq9fjy6fs4e68ny,1.647833,⏳ 193วัน 5ชม.,03/07/2026 07:00,5.218212784091565
1,addr1qy2z5adp8vxdy2n4xgyj7dr03g7l3vv8zdpdc8nraa8s7x2tnj26jsdl5mtv7jadrklj8ftcga33kugfp0apq9fjy6fs4e68ny,1.647834,⏳ 283วัน 5ชม.,01/10/2026 07:00,5.218215950803716
5,addr1q8lvl04lk8kunxj3xhj7u84v4dgkk9w73dp2y4vhgl4k06cxj6ut4tk0gdzh6d3gx7t0stmjr97u849s4dajumdgfuast03k2e,9.299478,✅ เคลมได้เลย,19/12/2025 07:00,29.448769981532266
5,addr1q8lvl04lk8kunxj3xhj7u84v4dgkk9w73dp2y4vhgl4k06cxj6ut4tk0gdzh6d3gx7t0stmjr97u849s4dajumdgfuast03k2e,9.299478,⏳ 87วัน 5ชม.,19/03/2026 07:00,29.448769981532266
5,addr1q8lvl04lk8kunxj3xhj7u84v4dgkk9w73dp2y4vhgl4k06cxj6ut4tk0gdzh6d3gx7t0stmjr97u849s4dajumdgfuast03k2e,9.299478,⏳ 177วัน 5ชม.,17/06/2026 07:00,29.448769981532266
5,addr1q8lvl04lk8kunxj3xhj7u84v4dgkk9w73dp2y4vhgl4k06cxj6ut4tk0gdzh6d3gx7t0stmjr97u849s4dajumdgfuast03k2e,9.299481,⏳ 267วัน 5ชม.,15/09/2026 07:00,29.44877948166872
10,addr1qxsdwdnpvxyhkwzu8q8usnn4zct38pfnzqvlwaegs7yts50apjq3yrwtwl0tv0yvdl6nlazuet4ep6vnjvr8qzkt0vhsmwjjde,20.743733,⏳ 64วัน 5ชม.,24/02/2026 07:00,65.68943135037475
10,addr1qxsdwdnpvxyhkwzu8q8usnn4zct38pfnzqvlwaegs7yts50apjq3yrwtwl0tv0yvdl6nlazuet4ep6vnjvr8qzkt0vhsmwjjde,20.743733,⏳ 154วัน 5ชม.,25/05/2026 07:00,65.68943135037475
10,addr1qxsdwdnpvxyhkwzu8q8usnn4zct38pfnzqvlwaegs7yts50apjq3yrwtwl0tv0yvdl6nlazuet4ep6vnjvr8qzkt0vhsmwjjde,20.743733,⏳ 244วัน 5ชม.,23/08/2026 07:00,65.68943135037475
10,addr1qxsdwdnpvxyhkwzu8q8usnn4zct38pfnzqvlwaegs7yts50apjq3yrwtwl0tv0yvdl6nlazuet4ep6vnjvr8qzkt0vhsmwjjde,20.743736,⏳ 334วัน 5ชม.,21/11/2026 07:00,65.68944085051119
3,addr1qxt7lxrrgu3jtn0y02dxy6ldlyge29nucvwtumdkcmvmmlr0dvc22fhmmpwa3vnjttgcg64yf8lx2ft6ajvx66p9fvwquc26lc,28.528567,⏳ 16วัน 5ชม.,07/01/2026 07:00,90.34175977250895
3,addr1qxt7lxrrgu3jtn0y02dxy6ldlyge29nucvwtumdkcmvmmlr0dvc22fhmmpwa3vnjttgcg64yf8lx2ft6ajvx66p9fvwquc26lc,28.528567,⏳ 106วัน 5ชม.,07/04/2026 07:00,90.34175977250895
3,addr1qxt7lxrrgu3jtn0y02dxy6ldlyge29nucvwtumdkcmvmmlr0dvc22fhmmpwa3vnjttgcg64yf8lx2ft6ajvx66p9fvwquc26lc,28.528567,⏳ 196วัน 5ชม.,06/07/2026 07:00,90.34175977250895
3,addr1qxt7lxrrgu3jtn0y02dxy6ldlyge29nucvwtumdkcmvmmlr0dvc22fhmmpwa3vnjttgcg64yf8lx2ft6ajvx66p9fvwquc26lc,28.528567,⏳ 286วัน 5ชม.,04/10/2026 07:00,90.34175977250895
3,addr1q9y3sp8dz49vtdnj4dr2cv0ecwue2832egv2w5pwd703qqn2rdw54ml7t8mtwq8zynlgk00uv69rheapczgukvu4ve0qgtdld9,11.718947,⏳ 58วัน 5ชม.,18/02/2026 07:00,37.11053186305377
3,addr1q9y3sp8dz49vtdnj4dr2cv0ecwue2832egv2w5pwd703qqn2rdw54ml7t8mtwq8zynlgk00uv69rheapczgukvu4ve0qgtdld9,11.718947,⏳ 148วัน 5ชม.,19/05/2026 07:00,37.11053186305377
3,addr1q9y3sp8dz49vtdnj4dr2cv0ecwue2832egv2w5pwd703qqn2rdw54ml7t8mtwq8zynlgk00uv69rheapczgukvu4ve0qgtdld9,11.718947,⏳ 238วัน 5ชม.,17/08/2026 07:00,37.11053186305377
3,addr1q9y3sp8dz49vtdnj4dr2cv0ecwue2832egv2w5pwd703qqn2rdw54ml7t8mtwq8zynlgk00uv69rheapczgukvu4ve0qgtdld9,11.718949,⏳ 328วัน 5ชม.,15/11/2026 07:00,37.110538196478075
5,addr1q88j2yqdewznxm2kyv40apu86zmkwng0x2kd2paztw9azpvva6tyejp2k6hkvnd8w42xplc44qkyfrhjr6p35eupp8lsade6xp,4.027062,⏳ 61วัน 5ชม.,21/02/2026 07:00,12.752546168652614
5,addr1q88j2yqdewznxm2kyv40apu86zmkwng0x2kd2paztw9azpvva6tyejp2k6hkvnd8w42xplc44qkyfrhjr6p35eupp8lsade6xp,4.027062,⏳ 151วัน 5ชม.,22/05/2026 07:00,12.752546168652614
5,addr1q88j2yqdewznxm2kyv40apu86zmkwng0x2kd2paztw9azpvva6tyejp2k6hkvnd8w42xplc44qkyfrhjr6p35eupp8lsade6xp,4.027062,⏳ 241วัน 5ชม.,20/08/2026 07:00,12.752546168652614
5,addr1q88j2yqdewznxm2kyv40apu86zmkwng0x2kd2paztw9azpvva6tyejp2k6hkvnd8w42xplc44qkyfrhjr6p35eupp8lsade6xp,4.027062,⏳ 331วัน 5ชม.,18/11/2026 07:00,12.752546168652614
9,addr1qyh9dzy40pwj5ez0ynvjaptvvdf0fgg238k84gn4y3kfwq6gehwc3pz9kjy36rkvwdwhqchkxl5cj2myxhrh97vej9hssz6szc,67.24762,✅ เคลมได้เลย,18/12/2025 07:00,212.9538553868818
9,addr1qyh9dzy40pwj5ez0ynvjaptvvdf0fgg238k84gn4y3kfwq6gehwc3pz9kjy36rkvwdwhqchkxl5cj2myxhrh97vej9hssz6szc,67.24762,⏳ 86วัน 5ชม.,18/03/2026 07:00,212.9538553868818
9,addr1qyh9dzy40pwj5ez0ynvjaptvvdf0fgg238k84gn4y3kfwq6gehwc3pz9kjy36rkvwdwhqchkxl5cj2myxhrh97vej9hssz6szc,67.24762,⏳ 176วัน 5ชม.,16/06/2026 07:00,212.9538553868818
9,addr1qyh9dzy40pwj5ez0ynvjaptvvdf0fgg238k84gn4y3kfwq6gehwc3pz9kjy36rkvwdwhqchkxl5cj2myxhrh97vej9hssz6szc,67.247621,⏳ 266วัน 5ชม.,14/09/2026 07:00,212.95385855359393
10,addr1qyxw4ca4nnc34pyz3lkujelwdwdq9z6uy90590l0ne9tg4ll4c6xcfvl5avyc0wll6q47g2cw6z4qq29e8endl60p2wqef4l2x,29.235146,⏳ 68วัน 5ชม.,28/02/2026 07:00,92.57929207752447
10,addr1qyxw4ca4nnc34pyz3lkujelwdwdq9z6uy90590l0ne9tg4ll4c6xcfvl5avyc0wll6q47g2cw6z4qq29e8endl60p2wqef4l2x,29.235146,⏳ 158วัน 5ชม.,29/05/2026 07:00,92.57929207752447
10,addr1qyxw4ca4nnc34pyz3lkujelwdwdq9z6uy90590l0ne9tg4ll4c6xcfvl5avyc0wll6q47g2cw6z4qq29e8endl60p2wqef4l2x,29.235146,⏳ 248วัน 5ชม.,27/08/2026 07:00,92.57929207752447
10,addr1qyxw4ca4nnc34pyz3lkujelwdwdq9z6uy90590l0ne9tg4ll4c6xcfvl5avyc0wll6q47g2cw6z4qq29e8endl60p2wqef4l2x,29.235148,⏳ 338วัน 5ชม.,25/11/2026 07:00,92.57929841094877
3,addr1qxa9zcg7jh9dgnyf3cjhnxvmlrper2tpxeq6h2w5gtxu6dhjjnuewzx496x95w36qrleplzmlz49ghv9u53l7wtzuhas649ueg,112.675621,⏳ 29วัน 5ชม.,20/01/2026 07:00,356.81125815398525
3,addr1qxa9zcg7jh9dgnyf3cjhnxvmlrper2tpxeq6h2w5gtxu6dhjjnuewzx496x95w36qrleplzmlz49ghv9u53l7wtzuhas649ueg,112.675621,⏳ 119วัน 5ชม.,20/04/2026 07:00,356.81125815398525
3,addr1qxa9zcg7jh9dgnyf3cjhnxvmlrper2tpxeq6h2w5gtxu6dhjjnuewzx496x95w36qrleplzmlz49ghv9u53l7wtzuhas649ueg,112.675621,⏳ 209วัน 5ชม.,19/07/2026 07:00,356.81125815398525
3,addr1qxa9zcg7jh9dgnyf3cjhnxvmlrper2tpxeq6h2w5gtxu6dhjjnuewzx496x95w36qrleplzmlz49ghv9u53l7wtzuhas649ueg,112.675624,⏳ 299วัน 5ชม.,17/10/2026 07:00,356.8112676541217
3,addr1q8targxa4klly3w0ndcr3fafasgn0py300n3aqxvg2qkkqs7p4dt4d2rw4xn6g02rj3gln5962xvq24htfgn23ue488se4s646,56.433742,⏳ 74วัน 5ชม.,06/03/2026 07:00,178.70941652371636
3,addr1q8targxa4klly3w0ndcr3fafasgn0py300n3aqxvg2qkkqs7p4dt4d2rw4xn6g02rj3gln5962xvq24htfgn23ue488se4s646,56.433742,⏳ 164วัน 5ชม.,04/06/2026 07:00,178.70941652371636
3,addr1q8targxa4klly3w0ndcr3fafasgn0py300n3aqxvg2qkkqs7p4dt4d2rw4xn6g02rj3gln5962xvq24htfgn23ue488se4s646,56.433742,⏳ 254วัน 5ชม.,02/09/2026 07:00,178.70941652371636
3,addr1q8targxa4klly3w0ndcr3fafasgn0py300n3aqxvg2qkkqs7p4dt4d2rw4xn6g02rj3gln5962xvq24htfgn23ue488se4s646,56.433744,⏳ 344วัน 5ชม.,01/12/2026 07:00,178.70942285714062
5,addr1qxhju0nfcclekj9wqqql7ppvrul2aggnqc2qqaah082w5fac4thj0k7s5su89p6pmusamwhd09hh8nlyjrd2pams6sqqx65kuj,19.275894,⏳ 1วัน 5ชม.,23/12/2025 07:00,61.04120775320915
5,addr1qxhju0nfcclekj9wqqql7ppvrul2aggnqc2qqaah082w5fac4thj0k7s5su89p6pmusamwhd09hh8nlyjrd2pams6sqqx65kuj,19.275894,⏳ 91วัน 5ชม.,23/03/2026 07:00,61.04120775320915
5,addr1qxhju0nfcclekj9wqqql7ppvrul2aggnqc2qqaah082w5fac4thj0k7s5su89p6pmusamwhd09hh8nlyjrd2pams6sqqx65kuj,19.275894,⏳ 181วัน 5ชม.,21/06/2026 07:00,61.04120775320915
5,addr1qxhju0nfcclekj9wqqql7ppvrul2aggnqc2qqaah082w5fac4thj0k7s5su89p6pmusamwhd09hh8nlyjrd2pams6sqqx65kuj,19.275896,⏳ 271วัน 5ชม.,19/09/2026 07:00,61.041214086633445
1,addr1qy33dmg5z27mytfejg2r8mfugc4zsjuqhspcy5r7hanzalurnjfkdapqv3zfhdln5khwmjuvms8wt4dg4q3802mdahaqjf5wf4,1.098555,⏳ 8วัน 5ชม.,30/12/2025 07:00,3.478807467156993
1,addr1qy33dmg5z27mytfejg2r8mfugc4zsjuqhspcy5r7hanzalurnjfkdapqv3zfhdln5khwmjuvms8wt4dg4q3802mdahaqjf5wf4,1.098555,⏳ 98วัน 5ชม.,30/03/2026 07:00,3.478807467156993
1,addr1qy33dmg5z27mytfejg2r8mfugc4zsjuqhspcy5r7hanzalurnjfkdapqv3zfhdln5khwmjuvms8wt4dg4q3802mdahaqjf5wf4,1.098555,⏳ 188วัน 5ชม.,28/06/2026 07:00,3.478807467156993
1,addr1qy33dmg5z27mytfejg2r8mfugc4zsjuqhspcy5r7hanzalurnjfkdapqv3zfhdln5khwmjuvms8wt4dg4q3802mdahaqjf5wf4,1.098557,⏳ 278วัน 5ชม.,26/09/2026 07:00,3.478813800581295
10,addr1qxp75wedh5qcrl5dc763tc9g25xc477kzw59msk9zhmjwx0duq0pjesgs7rfwqe0l4pysynql03p3se24a3x6xrkr86sxe50vw,17.076655,⏳ 35วัน 5ชม.,26/01/2026 07:00,54.07685088872545
10,addr1qxp75wedh5qcrl5dc763tc9g25xc477kzw59msk9zhmjwx0duq0pjesgs7rfwqe0l4pysynql03p3se24a3x6xrkr86sxe50vw,17.076655,⏳ 125วัน 5ชม.,26/04/2026 07:00,54.07685088872545
10,addr1qxp75wedh5qcrl5dc763tc9g25xc477kzw59msk9zhmjwx0duq0pjesgs7rfwqe0l4pysynql03p3se24a3x6xrkr86sxe50vw,17.076655,⏳ 215วัน 5ชม.,25/07/2026 07:00,54.07685088872545
10,addr1qxp75wedh5qcrl5dc763tc9g25xc477kzw59msk9zhmjwx0duq0pjesgs7rfwqe0l4pysynql03p3se24a3x6xrkr86sxe50vw,17.076656,⏳ 305วัน 5ชม.,23/10/2026 07:00,54.07685405543761
3,addr1q8pkhdl7c4862ea4w2hpwymacl0pq5266lg07wqq66pghey20ygh3zzt297fenswtdzvya6gdf6u8equn7aqkhxf6jks5xlrea,20.610498,⏳ 32วัน 5ชม.,23/01/2026 07:00,65.26751445692229
3,addr1q8pkhdl7c4862ea4w2hpwymacl0pq5266lg07wqq66pghey20ygh3zzt297fenswtdzvya6gdf6u8equn7aqkhxf6jks5xlrea,20.610498,⏳ 122วัน 5ชม.,23/04/2026 07:00,65.26751445692229
3,addr1q8pkhdl7c4862ea4w2hpwymacl0pq5266lg07wqq66pghey20ygh3zzt297fenswtdzvya6gdf6u8equn7aqkhxf6jks5xlrea,20.610498,⏳ 212วัน 5ชม.,22/07/2026 07:00,65.26751445692229
3,addr1q8pkhdl7c4862ea4w2hpwymacl0pq5266lg07wqq66pghey20ygh3zzt297fenswtdzvya6gdf6u8equn7aqkhxf6jks5xlrea,20.610501,⏳ 302วัน 5ชม.,20/10/2026 07:00,65.26752395705874
5,addr1qyqpv4lmchfnfxyaelc5a9hmm4qgqdnrtelnnkkngcea30hkn04cd56nxmc6t5ukkhr98nwwgwfs45m27c74tpl8ytqs7mvwkt,2.883407,⏳ 6วัน 5ชม.,28/12/2025 07:00,9.130919983480794
5,addr1qyqpv4lmchfnfxyaelc5a9hmm4qgqdnrtelnnkkngcea30hkn04cd56nxmc6t5ukkhr98nwwgwfs45m27c74tpl8ytqs7mvwkt,2.883407,⏳ 96วัน 5ชม.,28/03/2026 07:00,9.130919983480794
5,addr1qyqpv4lmchfnfxyaelc5a9hmm4qgqdnrtelnnkkngcea30hkn04cd56nxmc6t5ukkhr98nwwgwfs45m27c74tpl8ytqs7mvwkt,2.883407,⏳ 186วัน 5ชม.,26/06/2026 07:00,9.130919983480794
5,addr1qyqpv4lmchfnfxyaelc5a9hmm4qgqdnrtelnnkkngcea30hkn04cd56nxmc6t5ukkhr98nwwgwfs45m27c74tpl8ytqs7mvwkt,2.883408,⏳ 276วัน 5ชม.,24/09/2026 07:00,9.130923150192945
1,addr1qymg695ygj50g720zk7ggv902evgpawqn7ruz0n85dgtc709as9f8dny77s664cnm0lyhgyxa0zxtlne48eh8ctl70usw9am72,0.549277,⏳ 24วัน 5ชม.,15/01/2026 07:00,1.7394021502224208
1,addr1qymg695ygj50g720zk7ggv902evgpawqn7ruz0n85dgtc709as9f8dny77s664cnm0lyhgyxa0zxtlne48eh8ctl70usw9am72,0.549277,⏳ 114วัน 5ชม.,15/04/2026 07:00,1.7394021502224208
1,addr1qymg695ygj50g720zk7ggv902evgpawqn7ruz0n85dgtc709as9f8dny77s664cnm0lyhgyxa0zxtlne48eh8ctl70usw9am72,0.549277,⏳ 204วัน 5ชม.,14/07/2026 07:00,1.7394021502224208
1,addr1qymg695ygj50g720zk7ggv902evgpawqn7ruz0n85dgtc709as9f8dny77s664cnm0lyhgyxa0zxtlne48eh8ctl70usw9am72,0.54928,⏳ 294วัน 5ชม.,12/10/2026 07:00,1.7394116503588741
10,addr1qxw480vfdsq9vx6encdt0n8z8d9lutefjqsmq0qrdust5gt3wqj2dcmz6sfvw469tn692td65w7mewzaxn4t8ly774wsgs0v75,13.274857,⏳ 8วัน 5ชม.,30/12/2025 07:00,42.03765096607933
10,addr1qxw480vfdsq9vx6encdt0n8z8d9lutefjqsmq0qrdust5gt3wqj2dcmz6sfvw469tn692td65w7mewzaxn4t8ly774wsgs0v75,13.274857,⏳ 98วัน 5ชม.,30/03/2026 07:00,42.03765096607933
10,addr1qxw480vfdsq9vx6encdt0n8z8d9lutefjqsmq0qrdust5gt3wqj2dcmz6sfvw469tn692td65w7mewzaxn4t8ly774wsgs0v75,13.274857,⏳ 188วัน 5ชม.,28/06/2026 07:00,42.03765096607933
10,addr1qxw480vfdsq9vx6encdt0n8z8d9lutefjqsmq0qrdust5gt3wqj2dcmz6sfvw469tn692td65w7mewzaxn4t8ly774wsgs0v75,13.274858,⏳ 278วัน 5ชม.,26/09/2026 07:00,42.03765413279148
3,addr1qxjjc2j0pqknlkvfasg69p6anphr7wv3wlmf8vy8ujv4kt2xq6mqs085wvu2u73rwf93ln22hupvpwvv9g8hkez3vvuq4el4fl,4.558438,⏳ 55วัน 5ชม.,15/02/2026 07:00,14.435261004658107
3,addr1qxjjc2j0pqknlkvfasg69p6anphr7wv3wlmf8vy8ujv4kt2xq6mqs085wvu2u73rwf93ln22hupvpwvv9g8hkez3vvuq4el4fl,4.558438,⏳ 145วัน 5ชม.,16/05/2026 07:00,14.435261004658107
3,addr1qxjjc2j0pqknlkvfasg69p6anphr7wv3wlmf8vy8ujv4kt2xq6mqs085wvu2u73rwf93ln22hupvpwvv9g8hkez3vvuq4el4fl,4.558438,⏳ 235วัน 5ชม.,14/08/2026 07:00,14.435261004658107
3,addr1qxjjc2j0pqknlkvfasg69p6anphr7wv3wlmf8vy8ujv4kt2xq6mqs085wvu2u73rwf93ln22hupvpwvv9g8hkez3vvuq4el4fl,4.558441,⏳ 325วัน 5ชม.,12/11/2026 07:00,14.435270504794563
5,addr1q9a0df7h663hnyh567xmtd7ump95axjr8asa0cw47ec586el8fhe5phc0dwrj4ruu97eukp9reeph5rymrdd7mwlqa9qc67csm,2.883407,✅ เคลมได้เลย,17/12/2025 07:00,9.130919983480794
5,addr1q9a0df7h663hnyh567xmtd7ump95axjr8asa0cw47ec586el8fhe5phc0dwrj4ruu97eukp9reeph5rymrdd7mwlqa9qc67csm,2.883407,⏳ 85วัน 5ชม.,17/03/2026 07:00,9.130919983480794
5,addr1q9a0df7h663hnyh567xmtd7ump95axjr8asa0cw47ec586el8fhe5phc0dwrj4ruu97eukp9reeph5rymrdd7mwlqa9qc67csm,2.883407,⏳ 175วัน 5ชม.,15/06/2026 07:00,9.130919983480794
5,addr1q9a0df7h663hnyh567xmtd7ump95axjr8asa0cw47ec586el8fhe5phc0dwrj4ruu97eukp9reeph5rymrdd7mwlqa9qc67csm,2.883408,⏳ 265วัน 5ชม.,13/09/2026 07:00,9.130923150192945
9,addr1qya028gsyh32tu7csk9pvdhc0cdpervrgxa5jy9da47vft5fnwsx0gfk2nk0yzsdjvmdv6jfjppegy22fmwt6k47jj2qffu29u,58.626227,⏳ 30วัน 5ชม.,21/01/2026 07:00,185.65238541433146
9,addr1qya028gsyh32tu7csk9pvdhc0cdpervrgxa5jy9da47vft5fnwsx0gfk2nk0yzsdjvmdv6jfjppegy22fmwt6k47jj2qffu29u,58.626227,⏳ 120วัน 5ชม.,21/04/2026 07:00,185.65238541433146
9,addr1qya028gsyh32tu7csk9pvdhc0cdpervrgxa5jy9da47vft5fnwsx0gfk2nk0yzsdjvmdv6jfjppegy22fmwt6k47jj2qffu29u,58.626227,⏳ 210วัน 5ชม.,20/07/2026 07:00,185.65238541433146
9,addr1qya028gsyh32tu7csk9pvdhc0cdpervrgxa5jy9da47vft5fnwsx0gfk2nk0yzsdjvmdv6jfjppegy22fmwt6k47jj2qffu29u,58.626227,⏳ 300วัน 5ชม.,18/10/2026 07:00,185.65238541433146
10,addr1q92a2fw029wxc4vpcet0zv39z8nvd9gdxlaxdzr6w3k82fkh7urw8app5z09kzquppj9n5y5v256fz6xxpc7c04qxwyqn79uph,10.948158,⏳ 25วัน 5ชม.,16/01/2026 07:00,34.669664970815816
10,addr1q92a2fw029wxc4vpcet0zv39z8nvd9gdxlaxdzr6w3k82fkh7urw8app5z09kzquppj9n5y5v256fz6xxpc7c04qxwyqn79uph,10.948158,⏳ 115วัน 5ชม.,16/04/2026 07:00,34.669664970815816
10,addr1q92a2fw029wxc4vpcet0zv39z8nvd9gdxlaxdzr6w3k82fkh7urw8app5z09kzquppj9n5y5v256fz6xxpc7c04qxwyqn79uph,10.948158,⏳ 205วัน 5ชม.,15/07/2026 07:00,34.669664970815816
10,addr1q92a2fw029wxc4vpcet0zv39z8nvd9gdxlaxdzr6w3k82fkh7urw8app5z09kzquppj9n5y5v256fz6xxpc7c04qxwyqn79uph,10.948159,⏳ 295วัน 5ชม.,13/10/2026 07:00,34.66966813752797
3,addr1q8g222urlc5zsmy2er6nhvfumce27wsrtyg9apeh3c89zk7njlyd9xhhj4wutyknfpse5t02etpz9a6xn0ut9vaux3fs9j64rl,5.770221,⏳ 8วัน 5ชม.,30/12/2025 07:00,18.2726289552604
3,addr1q8g222urlc5zsmy2er6nhvfumce27wsrtyg9apeh3c89zk7njlyd9xhhj4wutyknfpse5t02etpz9a6xn0ut9vaux3fs9j64rl,5.770221,⏳ 98วัน 5ชม.,30/03/2026 07:00,18.2726289552604
3,addr1q8g222urlc5zsmy2er6nhvfumce27wsrtyg9apeh3c89zk7njlyd9xhhj4wutyknfpse5t02etpz9a6xn0ut9vaux3fs9j64rl,5.770221,⏳ 188วัน 5ชม.,28/06/2026 07:00,18.2726289552604
3,addr1q8g222urlc5zsmy2er6nhvfumce27wsrtyg9apeh3c89zk7njlyd9xhhj4wutyknfpse5t02etpz9a6xn0ut9vaux3fs9j64rl,5.770222,⏳ 278วัน 5ชม.,26/09/2026 07:00,18.272632121972553
5,addr1qxmaxlra6r35xksq7ft7v3u6gt6854nk74n5egy3gz5ekvyk7f95my0e48qzzvfu63f6lrzgw8lzuc2heqwffs8hfecqr79fm5,6.331763,⏳ 67วัน 5ชม.,27/02/2026 07:00,20.050870830016123
5,addr1qxmaxlra6r35xksq7ft7v3u6gt6854nk74n5egy3gz5ekvyk7f95my0e48qzzvfu63f6lrzgw8lzuc2heqwffs8hfecqr79fm5,6.331763,⏳ 157วัน 5ชม.,28/05/2026 07:00,20.050870830016123
5,addr1qxmaxlra6r35xksq7ft7v3u6gt6854nk74n5egy3gz5ekvyk7f95my0e48qzzvfu63f6lrzgw8lzuc2heqwffs8hfecqr79fm5,6.331763,⏳ 247วัน 5ชม.,26/08/2026 07:00,20.050870830016123
5,addr1qxmaxlra6r35xksq7ft7v3u6gt6854nk74n5egy3gz5ekvyk7f95my0e48qzzvfu63f6lrzgw8lzuc2heqwffs8hfecqr79fm5,6.331765,⏳ 337วัน 5ชม.,24/11/2026 07:00,20.050877163440425
9,addr1q89eyrneedqrzqrukjxl56pqcrk06dc836ygd7n4xhret5asvpahss697t8fl29wdqlg3v67g58wddcmm96ucaun9a2qk5qyet,47.401276,⏳ 76วัน 5ชม.,08/03/2026 07:00,150.10619668707488
9,addr1q89eyrneedqrzqrukjxl56pqcrk06dc836ygd7n4xhret5asvpahss697t8fl29wdqlg3v67g58wddcmm96ucaun9a2qk5qyet,47.401276,⏳ 166วัน 5ชม.,06/06/2026 07:00,150.10619668707488
9,addr1q89eyrneedqrzqrukjxl56pqcrk06dc836ygd7n4xhret5asvpahss697t8fl29wdqlg3v67g58wddcmm96ucaun9a2qk5qyet,47.401276,⏳ 256วัน 5ชม.,04/09/2026 07:00,150.10619668707488
9,addr1q89eyrneedqrzqrukjxl56pqcrk06dc836ygd7n4xhret5asvpahss697t8fl29wdqlg3v67g58wddcmm96ucaun9a2qk5qyet,47.401279,⏳ 346วัน 5ชม.,03/12/2026 07:00,150.10620618721134
10,addr1q9p0j226n79ndvdcg9h46dwk2w3pq7wrkt268x4cup83qflkzzgryxv287nv7vrq5h7reaz0v7fyjy6a4hf3std33fms8rvsle,8.055815,⏳ 64วัน 5ชม.,24/02/2026 07:00,25.51044724755275
10,addr1q9p0j226n79ndvdcg9h46dwk2w3pq7wrkt268x4cup83qflkzzgryxv287nv7vrq5h7reaz0v7fyjy6a4hf3std33fms8rvsle,8.055815,⏳ 154วัน 5ชม.,25/05/2026 07:00,25.51044724755275
10,addr1q9p0j226n79ndvdcg9h46dwk2w3pq7wrkt268x4cup83qflkzzgryxv287nv7vrq5h7reaz0v7fyjy6a4hf3std33fms8rvsle,8.055815,⏳ 244วัน 5ชม.,23/08/2026 07:00,25.51044724755275
10,addr1q9p0j226n79ndvdcg9h46dwk2w3pq7wrkt268x4cup83qflkzzgryxv287nv7vrq5h7reaz0v7fyjy6a4hf3std33fms8rvsle,8.055816,⏳ 334วัน 5ชม.,21/11/2026 07:00,25.510450414264902
5,addr1qygxy6xmnq2m7w0nvwke6yccnaaaxklz3l4t5fax6pe0svaksmc026m047querqt38tdrlay450y3nfdu78gqxcjzsuszkgpl5,2.883407,⏳ 12วัน 5ชม.,03/01/2026 07:00,9.130919983480794
5,addr1qygxy6xmnq2m7w0nvwke6yccnaaaxklz3l4t5fax6pe0svaksmc026m047querqt38tdrlay450y3nfdu78gqxcjzsuszkgpl5,2.883407,⏳ 102วัน 5ชม.,03/04/2026 07:00,9.130919983480794
5,addr1qygxy6xmnq2m7w0nvwke6yccnaaaxklz3l4t5fax6pe0svaksmc026m047querqt38tdrlay450y3nfdu78gqxcjzsuszkgpl5,2.883407,⏳ 192วัน 5ชม.,02/07/2026 07:00,9.130919983480794
5,addr1qygxy6xmnq2m7w0nvwke6yccnaaaxklz3l4t5fax6pe0svaksmc026m047querqt38tdrlay450y3nfdu78gqxcjzsuszkgpl5,2.883408,⏳ 282วัน 5ชม.,30/09/2026 07:00,9.130923150192945
3,addr1q9e98kdczpam4n72dtsf8jyl4hycmee6h3q2gcqhjuuu5rd36dpfzxuhrhapwvk9zm7whg2ws93rl3z0m8322gtkvpjqazjvx3,1.143654,⏳ 38วัน 5ชม.,29/01/2026 07:00,3.6216230184596703
3,addr1q9e98kdczpam4n72dtsf8jyl4hycmee6h3q2gcqhjuuu5rd36dpfzxuhrhapwvk9zm7whg2ws93rl3z0m8322gtkvpjqazjvx3,1.143654,⏳ 128วัน 5ชม.,29/04/2026 07:00,3.6216230184596703
3,addr1q9e98kdczpam4n72dtsf8jyl4hycmee6h3q2gcqhjuuu5rd36dpfzxuhrhapwvk9zm7whg2ws93rl3z0m8322gtkvpjqazjvx3,1.143654,⏳ 218วัน 5ชม.,28/07/2026 07:00,3.6216230184596703
3,addr1q9e98kdczpam4n72dtsf8jyl4hycmee6h3q2gcqhjuuu5rd36dpfzxuhrhapwvk9zm7whg2ws93rl3z0m8322gtkvpjqazjvx3,1.143657,⏳ 308วัน 5ชม.,26/10/2026 07:00,3.621632518596124
1,addr1q89d0zdda8yhfw2ky6ua0jkh7zzfwtygkpyth97ftmqr0at805yjysy7cumjpe5srvzkr2xj88fnsmq7tkpa8vqs4fgswk92ls,3.331699,⏳ 64วัน 5ชม.,24/02/2026 07:00,10.550531707123891
1,addr1q89d0zdda8yhfw2ky6ua0jkh7zzfwtygkpyth97ftmqr0at805yjysy7cumjpe5srvzkr2xj88fnsmq7tkpa8vqs4fgswk92ls,3.331699,⏳ 154วัน 5ชม.,25/05/2026 07:00,10.550531707123891
1,addr1q89d0zdda8yhfw2ky6ua0jkh7zzfwtygkpyth97ftmqr0at805yjysy7cumjpe5srvzkr2xj88fnsmq7tkpa8vqs4fgswk92ls,3.331699,⏳ 244วัน 5ชม.,23/08/2026 07:00,10.550531707123891
1,addr1q89d0zdda8yhfw2ky6ua0jkh7zzfwtygkpyth97ftmqr0at805yjysy7cumjpe5srvzkr2xj88fnsmq7tkpa8vqs4fgswk92ls,3.331699,⏳ 334วัน 5ชม.,21/11/2026 07:00,10.550531707123891
10,addr1q9kqsrgssy3wldtn5nr8vu4tzmq39fslddprrkq94f3drxm0t76tusjuykqzstejvq2kevnv8c7pnpaag6zvwzlc2yjq7chpk3,6.335865,⏳ 65วัน 5ชม.,25/02/2026 07:00,20.063860683259957
10,addr1q9kqsrgssy3wldtn5nr8vu4tzmq39fslddprrkq94f3drxm0t76tusjuykqzstejvq2kevnv8c7pnpaag6zvwzlc2yjq7chpk3,6.335865,⏳ 155วัน 5ชม.,26/05/2026 07:00,20.063860683259957
10,addr1q9kqsrgssy3wldtn5nr8vu4tzmq39fslddprrkq94f3drxm0t76tusjuykqzstejvq2kevnv8c7pnpaag6zvwzlc2yjq7chpk3,6.335865,⏳ 245วัน 5ชม.,24/08/2026 07:00,20.063860683259957
10,addr1q9kqsrgssy3wldtn5nr8vu4tzmq39fslddprrkq94f3drxm0t76tusjuykqzstejvq2kevnv8c7pnpaag6zvwzlc2yjq7chpk3,6.335866,⏳ 335วัน 5ชม.,22/11/2026 07:00,20.06386384997211
3,addr1q8plqkkq36hxl3rpu73fwmgyfmyhh48tgpldk0l4jyfl0gz4cmnan8wyadvqc639tugats2xne56255wu402tg78lyaqh5k7zj,0.563737,⏳ 51วัน 5ชม.,11/02/2026 07:00,1.785192807927397
3,addr1q8plqkkq36hxl3rpu73fwmgyfmyhh48tgpldk0l4jyfl0gz4cmnan8wyadvqc639tugats2xne56255wu402tg78lyaqh5k7zj,0.563737,⏳ 141วัน 5ชม.,12/05/2026 07:00,1.785192807927397
3,addr1q8plqkkq36hxl3rpu73fwmgyfmyhh48tgpldk0l4jyfl0gz4cmnan8wyadvqc639tugats2xne56255wu402tg78lyaqh5k7zj,0.563737,⏳ 231วัน 5ชม.,10/08/2026 07:00,1.785192807927397
3,addr1q8plqkkq36hxl3rpu73fwmgyfmyhh48tgpldk0l4jyfl0gz4cmnan8wyadvqc639tugats2xne56255wu402tg78lyaqh5k7zj,0.563738,⏳ 321วัน 5ชม.,08/11/2026 07:00,1.785195974639548
6,addr1q8dn6faxythtlu0wpusq9c8kl4xfurdpcukhnxa9yvlg7x4g9ra7fmm7fmcdzqj9v79sa7d4r4ge3u4gdqqf86zwg0wsvzvajl,10.854699,⏳ 20วัน 5ชม.,11/01/2026 07:00,34.37370721988571
6,addr1q8dn6faxythtlu0wpusq9c8kl4xfurdpcukhnxa9yvlg7x4g9ra7fmm7fmcdzqj9v79sa7d4r4ge3u4gdqqf86zwg0wsvzvajl,10.854699,⏳ 110วัน 5ชม.,11/04/2026 07:00,34.37370721988571
6,addr1q8dn6faxythtlu0wpusq9c8kl4xfurdpcukhnxa9yvlg7x4g9ra7fmm7fmcdzqj9v79sa7d4r4ge3u4gdqqf86zwg0wsvzvajl,10.854699,⏳ 200วัน 5ชม.,10/07/2026 07:00,34.37370721988571
6,addr1q8dn6faxythtlu0wpusq9c8kl4xfurdpcukhnxa9yvlg7x4g9ra7fmm7fmcdzqj9v79sa7d4r4ge3u4gdqqf86zwg0wsvzvajl,10.854699,⏳ 290วัน 5ชม.,08/10/2026 07:00,34.37370721988571
9,addr1qymwspjngwt90mp8726ymuctjspxd42ex5n5n3l5dxjjtrz70led5333ln2u9s7cwszaggj9t0emlvnp2h0rkvundpvq6sq8zh,25.686639,✅ เคลมได้เลย,21/12/2025 07:00,81.34219184234384
9,addr1qymwspjngwt90mp8726ymuctjspxd42ex5n5n3l5dxjjtrz70led5333ln2u9s7cwszaggj9t0emlvnp2h0rkvundpvq6sq8zh,25.686639,⏳ 89วัน 5ชม.,21/03/2026 07:00,81.34219184234384
9,addr1qymwspjngwt90mp8726ymuctjspxd42ex5n5n3l5dxjjtrz70led5333ln2u9s7cwszaggj9t0emlvnp2h0rkvundpvq6sq8zh,25.686639,⏳ 179วัน 5ชม.,19/06/2026 07:00,81.34219184234384
9,addr1qymwspjngwt90mp8726ymuctjspxd42ex5n5n3l5dxjjtrz70led5333ln2u9s7cwszaggj9t0emlvnp2h0rkvundpvq6sq8zh,25.686641,⏳ 269วัน 5ชม.,17/09/2026 07:00,81.34219817576815
3,addr1q9my6guuw4a86zt5rx75madcch2r247aw2x6fz072wxz4m4qkrnug2a0c5ncjh4ttcd7xwwaesx7zav9x5ct72cxx3qq5vjfsn,8.730452,⏳ 42วัน 5ชม.,02/02/2026 07:00,27.646828433037673
3,addr1q9my6guuw4a86zt5rx75madcch2r247aw2x6fz072wxz4m4qkrnug2a0c5ncjh4ttcd7xwwaesx7zav9x5ct72cxx3qq5vjfsn,8.730452,⏳ 132วัน 5ชม.,03/05/2026 07:00,27.646828433037673
3,addr1q9my6guuw4a86zt5rx75madcch2r247aw2x6fz072wxz4m4qkrnug2a0c5ncjh4ttcd7xwwaesx7zav9x5ct72cxx3qq5vjfsn,8.730452,⏳ 222วัน 5ชม.,01/08/2026 07:00,27.646828433037673
3,addr1q9my6guuw4a86zt5rx75madcch2r247aw2x6fz072wxz4m4qkrnug2a0c5ncjh4ttcd7xwwaesx7zav9x5ct72cxx3qq5vjfsn,8.730453,⏳ 312วัน 5ชม.,30/10/2026 07:00,27.646831599749827
5,addr1qyj0uexhf3um4mh7gg0kvpyf22zmythzn8lac036s87sxcreupuj6v2g53mrrpqnuad2ka8dx3r45vhc4epxym5vyngqvusf7c,2.303489,⏳ 3วัน 5ชม.,25/12/2025 07:00,7.294486606236369
5,addr1qyj0uexhf3um4mh7gg0kvpyf22zmythzn8lac036s87sxcreupuj6v2g53mrrpqnuad2ka8dx3r45vhc4epxym5vyngqvusf7c,2.303489,⏳ 93วัน 5ชม.,25/03/2026 07:00,7.294486606236369
5,addr1qyj0uexhf3um4mh7gg0kvpyf22zmythzn8lac036s87sxcreupuj6v2g53mrrpqnuad2ka8dx3r45vhc4epxym5vyngqvusf7c,2.303489,⏳ 183วัน 5ชม.,23/06/2026 07:00,7.294486606236369
5,addr1qyj0uexhf3um4mh7gg0kvpyf22zmythzn8lac036s87sxcreupuj6v2g53mrrpqnuad2ka8dx3r45vhc4epxym5vyngqvusf7c,2.303492,⏳ 273วัน 5ชม.,21/09/2026 07:00,7.294496106372822
5,addr1qyz6ne7rm4d65p7h3n4mwvv8xg79dcqm4x07pt4cgfns2uyhynwnzdgr09tnhgh60yhn4cu5m6f6gtp0qfjyzr68rfmq92wrkd,0.563737,⏳ 49วัน 5ชม.,09/02/2026 07:00,1.785192807927397
5,addr1qyz6ne7rm4d65p7h3n4mwvv8xg79dcqm4x07pt4cgfns2uyhynwnzdgr09tnhgh60yhn4cu5m6f6gtp0qfjyzr68rfmq92wrkd,0.563737,⏳ 139วัน 5ชม.,10/05/2026 07:00,1.785192807927397
5,addr1qyz6ne7rm4d65p7h3n4mwvv8xg79dcqm4x07pt4cgfns2uyhynwnzdgr09tnhgh60yhn4cu5m6f6gtp0qfjyzr68rfmq92wrkd,0.563737,⏳ 229วัน 5ชม.,08/08/2026 07:00,1.785192807927397
5,addr1qyz6ne7rm4d65p7h3n4mwvv8xg79dcqm4x07pt4cgfns2uyhynwnzdgr09tnhgh60yhn4cu5m6f6gtp0qfjyzr68rfmq92wrkd,0.563738,⏳ 319วัน 5ชม.,06/11/2026 07:00,1.785195974639548
10,addr1qx932l26t3q2mxhz7dahyeqp3qzpqyaucna4gpewcl88vuhk5uv3ey0sxz7c88fsh0zt0fuy2mest49v5v8kkyway32qm86df9,4.615915,⏳ 22วัน 5ชม.,13/01/2026 07:00,14.617274118967163
10,addr1qx932l26t3q2mxhz7dahyeqp3qzpqyaucna4gpewcl88vuhk5uv3ey0sxz7c88fsh0zt0fuy2mest49v5v8kkyway32qm86df9,4.615915,⏳ 112วัน 5ชม.,13/04/2026 07:00,14.617274118967163
10,addr1qx932l26t3q2mxhz7dahyeqp3qzpqyaucna4gpewcl88vuhk5uv3ey0sxz7c88fsh0zt0fuy2mest49v5v8kkyway32qm86df9,4.615915,⏳ 202วัน 5ชม.,12/07/2026 07:00,14.617274118967163
10,addr1qx932l26t3q2mxhz7dahyeqp3qzpqyaucna4gpewcl88vuhk5uv3ey0sxz7c88fsh0zt0fuy2mest49v5v8kkyway32qm86df9,4.615916,⏳ 292วัน 5ชม.,10/10/2026 07:00,14.617277285679315
3,addr1q8rt6qsshfzvaf87uaan8pnzp52dw0ccd8a36xqarsqnq4ej3dn9y769fhc30nyjz5jvce30qger08dakv9ahvsz7z7qvvdud5,140.460545,⏳ 58วัน 5ชม.,18/02/2026 07:00,444.79811460231014
3,addr1q8rt6qsshfzvaf87uaan8pnzp52dw0ccd8a36xqarsqnq4ej3dn9y769fhc30nyjz5jvce30qger08dakv9ahvsz7z7qvvdud5,140.460545,⏳ 148วัน 5ชม.,19/05/2026 07:00,444.79811460231014
3,addr1q8rt6qsshfzvaf87uaan8pnzp52dw0ccd8a36xqarsqnq4ej3dn9y769fhc30nyjz5jvce30qger08dakv9ahvsz7z7qvvdud5,140.460545,⏳ 238วัน 5ชม.,17/08/2026 07:00,444.79811460231014
3,addr1q8rt6qsshfzvaf87uaan8pnzp52dw0ccd8a36xqarsqnq4ej3dn9y769fhc30nyjz5jvce30qger08dakv9ahvsz7z7qvvdud5,140.460546,⏳ 328วัน 5ชม.,15/11/2026 07:00,444.79811776902227
9,addr1q9trx3ke847vya9ujs5fum56sdn6p7pje3xe5cvft6eeuhgzyaxzjh64glds6qqw37us0q7sdl3wkks820mfqmgx2t5swyyrfz,10.648201,⏳ 9วัน 5ชม.,31/12/2025 07:00,33.71978749410686
9,addr1q9trx3ke847vya9ujs5fum56sdn6p7pje3xe5cvft6eeuhgzyaxzjh64glds6qqw37us0q7sdl3wkks820mfqmgx2t5swyyrfz,10.648201,⏳ 99วัน 5ชม.,31/03/2026 07:00,33.71978749410686
9,addr1q9trx3ke847vya9ujs5fum56sdn6p7pje3xe5cvft6eeuhgzyaxzjh64glds6qqw37us0q7sdl3wkks820mfqmgx2t5swyyrfz,10.648201,⏳ 189วัน 5ชม.,29/06/2026 07:00,33.71978749410686
9,addr1q9trx3ke847vya9ujs5fum56sdn6p7pje3xe5cvft6eeuhgzyaxzjh64glds6qqw37us0q7sdl3wkks820mfqmgx2t5swyyrfz,10.648201,⏳ 279วัน 5ชม.,27/09/2026 07:00,33.71978749410686
3,addr1q8yk5rwyfhcn860d306aj2tel2jyd2p56qvxh43den7rmxyg9ltl9vwspgyq9a4q9n4a9cncfgj020j022vrvrqup2zs4v0tac,0.563737,⏳ 12วัน 5ชม.,03/01/2026 07:00,1.785192807927397
3,addr1q8yk5rwyfhcn860d306aj2tel2jyd2p56qvxh43den7rmxyg9ltl9vwspgyq9a4q9n4a9cncfgj020j022vrvrqup2zs4v0tac,0.563737,⏳ 102วัน 5ชม.,03/04/2026 07:00,1.785192807927397
3,addr1q8yk5rwyfhcn860d306aj2tel2jyd2p56qvxh43den7rmxyg9ltl9vwspgyq9a4q9n4a9cncfgj020j022vrvrqup2zs4v0tac,0.563737,⏳ 192วัน 5ชม.,02/07/2026 07:00,1.785192807927397
3,addr1q8yk5rwyfhcn860d306aj2tel2jyd2p56qvxh43den7rmxyg9ltl9vwspgyq9a4q9n4a9cncfgj020j022vrvrqup2zs4v0tac,0.563738,⏳ 282วัน 5ชม.,30/09/2026 07:00,1.785195974639548
5,addr1qy0t7lmm9yckky3q7srm09pdgz63jzzjjq4hr8s0zadrk6ywz0uw887hum2as9m5eeu6lzsmn3peg4ksd5n7y6qcfnequ0xa03,0.563737,⏳ 71วัน 5ชม.,03/03/2026 07:00,1.785192807927397
5,addr1qy0t7lmm9yckky3q7srm09pdgz63jzzjjq4hr8s0zadrk6ywz0uw887hum2as9m5eeu6lzsmn3peg4ksd5n7y6qcfnequ0xa03,0.563737,⏳ 161วัน 5ชม.,01/06/2026 07:00,1.785192807927397
5,addr1qy0t7lmm9yckky3q7srm09pdgz63jzzjjq4hr8s0zadrk6ywz0uw887hum2as9m5eeu6lzsmn3peg4ksd5n7y6qcfnequ0xa03,0.563737,⏳ 251วัน 5ชม.,30/08/2026 07:00,1.785192807927397
5,addr1qy0t7lmm9yckky3q7srm09pdgz63jzzjjq4hr8s0zadrk6ywz0uw887hum2as9m5eeu6lzsmn3peg4ksd5n7y6qcfnequ0xa03,0.563738,⏳ 341วัน 5ชม.,28/11/2026 07:00,1.785195974639548
10,addr1q8ztlwzlhugkw3kw8le3prd4ffk7d2rzfm4prr3q8yv0qlsm28tlw657refmw09ujeg0srkth22vmq3wag0c3hgw8v6sjpydrn,4.023439,⏳ 22วัน 5ชม.,13/01/2026 07:00,12.741073170529162
10,addr1q8ztlwzlhugkw3kw8le3prd4ffk7d2rzfm4prr3q8yv0qlsm28tlw657refmw09ujeg0srkth22vmq3wag0c3hgw8v6sjpydrn,4.023439,⏳ 112วัน 5ชม.,13/04/2026 07:00,12.741073170529162
10,addr1q8ztlwzlhugkw3kw8le3prd4ffk7d2rzfm4prr3q8yv0qlsm28tlw657refmw09ujeg0srkth22vmq3wag0c3hgw8v6sjpydrn,4.023439,⏳ 202วัน 5ชม.,12/07/2026 07:00,12.741073170529162
10,addr1q8ztlwzlhugkw3kw8le3prd4ffk7d2rzfm4prr3q8yv0qlsm28tlw657refmw09ujeg0srkth22vmq3wag0c3hgw8v6sjpydrn,4.023442,⏳ 292วัน 5ชม.,10/10/2026 07:00,12.741082670665616
9,addr1q9dqgqhu8ttyhf0enfusg4fkygtqval0s2xpgxdrf7ckynf9gunsnsr09eqgz2q68umjjwfwfu9hazps5d7dag35q6tsccehen,2.947382,⏳ 11วัน 5ชม.,02/01/2026 07:00,9.333510393347726
9,addr1q9dqgqhu8ttyhf0enfusg4fkygtqval0s2xpgxdrf7ckynf9gunsnsr09eqgz2q68umjjwfwfu9hazps5d7dag35q6tsccehen,2.947382,⏳ 101วัน 5ชม.,02/04/2026 07:00,9.333510393347726
9,addr1q9dqgqhu8ttyhf0enfusg4fkygtqval0s2xpgxdrf7ckynf9gunsnsr09eqgz2q68umjjwfwfu9hazps5d7dag35q6tsccehen,2.947382,⏳ 191วัน 5ชม.,01/07/2026 07:00,9.333510393347726
9,addr1q9dqgqhu8ttyhf0enfusg4fkygtqval0s2xpgxdrf7ckynf9gunsnsr09eqgz2q68umjjwfwfu9hazps5d7dag35q6tsccehen,2.947384,⏳ 281วัน 5ชม.,29/09/2026 07:00,9.333516726772029
9,addr1qyeyyrryeegxua78gnra3e09yzt2sfxwppyglyfd9qum9wpwfsagzt76wa79xge0y6c89wsauzu6derhf3a3fl9y3vqsatq6yf,7.039637,⏳ 49วัน 5ชม.,09/02/2026 07:00,22.29250402726732
9,addr1qyeyyrryeegxua78gnra3e09yzt2sfxwppyglyfd9qum9wpwfsagzt76wa79xge0y6c89wsauzu6derhf3a3fl9y3vqsatq6yf,7.039637,⏳ 139วัน 5ชม.,10/05/2026 07:00,22.29250402726732
9,addr1qyeyyrryeegxua78gnra3e09yzt2sfxwppyglyfd9qum9wpwfsagzt76wa79xge0y6c89wsauzu6derhf3a3fl9y3vqsatq6yf,7.039637,⏳ 229วัน 5ชม.,08/08/2026 07:00,22.29250402726732
9,addr1qyeyyrryeegxua78gnra3e09yzt2sfxwppyglyfd9qum9wpwfsagzt76wa79xge0y6c89wsauzu6derhf3a3fl9y3vqsatq6yf,7.039638,⏳ 319วัน 5ชม.,06/11/2026 07:00,22.29250719397947
1,addr1qxsqgx42gn7ncn2w3dugq9vrg6e58aayfny35yjsqhu9ttsuk0j4vljjx00e4mxrm7rw95yng3xeg5rzpg5elm0g66fszc5a66,35.917565,⏳ 34วัน 5ชม.,25/01/2026 07:00,113.74058952359843
1,addr1qxsqgx42gn7ncn2w3dugq9vrg6e58aayfny35yjsqhu9ttsuk0j4vljjx00e4mxrm7rw95yng3xeg5rzpg5elm0g66fszc5a66,35.917565,⏳ 124วัน 5ชม.,25/04/2026 07:00,113.74058952359843
1,addr1qxsqgx42gn7ncn2w3dugq9vrg6e58aayfny35yjsqhu9ttsuk0j4vljjx00e4mxrm7rw95yng3xeg5rzpg5elm0g66fszc5a66,35.917565,⏳ 214วัน 5ชม.,24/07/2026 07:00,113.74058952359843
1,addr1qxsqgx42gn7ncn2w3dugq9vrg6e58aayfny35yjsqhu9ttsuk0j4vljjx00e4mxrm7rw95yng3xeg5rzpg5elm0g66fszc5a66,35.917565,⏳ 304วัน 5ชม.,22/10/2026 07:00,113.74058952359843
8,addr1qx70xrjx7qpwgnlfsdvjgsn78jk0kpn7y4qfa5my0l3grks4jr6yv6m9pyejns0z3aeqk2fe3n87xw9e55ys57t0rt8qpe7plp,21.430993,⏳ 24วัน 5ชม.,15/01/2026 07:00,67.86578594334307
8,addr1qx70xrjx7qpwgnlfsdvjgsn78jk0kpn7y4qfa5my0l3grks4jr6yv6m9pyejns0z3aeqk2fe3n87xw9e55ys57t0rt8qpe7plp,21.430993,⏳ 114วัน 5ชม.,15/04/2026 07:00,67.86578594334307
8,addr1qx70xrjx7qpwgnlfsdvjgsn78jk0kpn7y4qfa5my0l3grks4jr6yv6m9pyejns0z3aeqk2fe3n87xw9e55ys57t0rt8qpe7plp,21.430993,⏳ 204วัน 5ชม.,14/07/2026 07:00,67.86578594334307
8,addr1qx70xrjx7qpwgnlfsdvjgsn78jk0kpn7y4qfa5my0l3grks4jr6yv6m9pyejns0z3aeqk2fe3n87xw9e55ys57t0rt8qpe7plp,21.430994,⏳ 294วัน 5ชม.,12/10/2026 07:00,67.86578911005522
10,addr1qywau28p8ecr0j5prfzl5s0lhfrq33y6svnq7xle0287a0rx99fa0k3hrulka7nh6n669tdeytvth6msa355ye2n85yqn8mwft,2.867227,✅ เคลมได้เลย,18/12/2025 07:00,9.079682580875918
10,addr1qywau28p8ecr0j5prfzl5s0lhfrq33y6svnq7xle0287a0rx99fa0k3hrulka7nh6n669tdeytvth6msa355ye2n85yqn8mwft,2.867227,⏳ 86วัน 5ชม.,18/03/2026 07:00,9.079682580875918
10,addr1qywau28p8ecr0j5prfzl5s0lhfrq33y6svnq7xle0287a0rx99fa0k3hrulka7nh6n669tdeytvth6msa355ye2n85yqn8mwft,2.867227,⏳ 176วัน 5ชม.,16/06/2026 07:00,9.079682580875918
10,addr1qywau28p8ecr0j5prfzl5s0lhfrq33y6svnq7xle0287a0rx99fa0k3hrulka7nh6n669tdeytvth6msa355ye2n85yqn8mwft,2.867227,⏳ 266วัน 5ชม.,14/09/2026 07:00,9.079682580875918
6,addr1qxfvn20h8z7rz5hqmqs2v3ds8prd7ldw7f8hgfh9asp68tscrwmfu2t2gkjzvwlwkegzln0l7l2cad7a6hy80c6uqnqsuzhel3,2.933639,⏳ 53วัน 5ชม.,13/02/2026 07:00,9.289990268255092
6,addr1qxfvn20h8z7rz5hqmqs2v3ds8prd7ldw7f8hgfh9asp68tscrwmfu2t2gkjzvwlwkegzln0l7l2cad7a6hy80c6uqnqsuzhel3,2.933639,⏳ 143วัน 5ชม.,14/05/2026 07:00,9.289990268255092
6,addr1qxfvn20h8z7rz5hqmqs2v3ds8prd7ldw7f8hgfh9asp68tscrwmfu2t2gkjzvwlwkegzln0l7l2cad7a6hy80c6uqnqsuzhel3,2.933639,⏳ 233วัน 5ชม.,12/08/2026 07:00,9.289990268255092
6,addr1qxfvn20h8z7rz5hqmqs2v3ds8prd7ldw7f8hgfh9asp68tscrwmfu2t2gkjzvwlwkegzln0l7l2cad7a6hy80c6uqnqsuzhel3,2.93364,⏳ 323วัน 5ชม.,10/11/2026 07:00,9.289993434967244
9,addr1qxg4xpdj8ylfg5dl0d5ej7y9l2k4npzlxsygznk5ww49mwzlr2gp2dq9t03xvxct66ftswnknwxm5qtuwhy2vcn7rm3su64h8g,14.997814,⏳ 74วัน 5ชม.,06/03/2026 07:00,47.49375983381049
9,addr1qxg4xpdj8ylfg5dl0d5ej7y9l2k4npzlxsygznk5ww49mwzlr2gp2dq9t03xvxct66ftswnknwxm5qtuwhy2vcn7rm3su64h8g,14.997814,⏳ 164วัน 5ชม.,04/06/2026 07:00,47.49375983381049
9,addr1qxg4xpdj8ylfg5dl0d5ej7y9l2k4npzlxsygznk5ww49mwzlr2gp2dq9t03xvxct66ftswnknwxm5qtuwhy2vcn7rm3su64h8g,14.997814,⏳ 254วัน 5ชม.,02/09/2026 07:00,47.49375983381049
9,addr1qxg4xpdj8ylfg5dl0d5ej7y9l2k4npzlxsygznk5ww49mwzlr2gp2dq9t03xvxct66ftswnknwxm5qtuwhy2vcn7rm3su64h8g,14.997815,⏳ 344วัน 5ชม.,01/12/2026 07:00,47.49376300052264
1,addr1q80n57u697n8lwkuy3ehhqzudk6pr65dcvj2hacn3h06ahz4f93920qmtw4zam2yzshzg9mdarqec3h7klpyrg50n5vsyqvkae,11.588881,⏳ 73วัน 5ชม.,05/03/2026 07:00,36.698650280408174
1,addr1q80n57u697n8lwkuy3ehhqzudk6pr65dcvj2hacn3h06ahz4f93920qmtw4zam2yzshzg9mdarqec3h7klpyrg50n5vsyqvkae,11.588881,⏳ 163วัน 5ชม.,03/06/2026 07:00,36.698650280408174
1,addr1q80n57u697n8lwkuy3ehhqzudk6pr65dcvj2hacn3h06ahz4f93920qmtw4zam2yzshzg9mdarqec3h7klpyrg50n5vsyqvkae,11.588881,⏳ 253วัน 5ชม.,01/09/2026 07:00,36.698650280408174
1,addr1q80n57u697n8lwkuy3ehhqzudk6pr65dcvj2hacn3h06ahz4f93920qmtw4zam2yzshzg9mdarqec3h7klpyrg50n5vsyqvkae,11.588883,⏳ 343วัน 5ชม.,30/11/2026 07:00,36.69865661383247
8,addr1q8wmcdvnn85t943j2r9und0aw3rdccela9krzu6f6nfukwye26p2ezhl5p2gjugcrvd7chjf5dryjydfl79vg057qx9ssgaz22,26.003388,⏳ 39วัน 5ชม.,30/01/2026 07:00,82.34524474949414
8,addr1q8wmcdvnn85t943j2r9und0aw3rdccela9krzu6f6nfukwye26p2ezhl5p2gjugcrvd7chjf5dryjydfl79vg057qx9ssgaz22,26.003388,⏳ 129วัน 5ชม.,30/04/2026 07:00,82.34524474949414
8,addr1q8wmcdvnn85t943j2r9und0aw3rdccela9krzu6f6nfukwye26p2ezhl5p2gjugcrvd7chjf5dryjydfl79vg057qx9ssgaz22,26.003388,⏳ 219วัน 5ชม.,29/07/2026 07:00,82.34524474949414
8,addr1q8wmcdvnn85t943j2r9und0aw3rdccela9krzu6f6nfukwye26p2ezhl5p2gjugcrvd7chjf5dryjydfl79vg057qx9ssgaz22,26.003389,⏳ 309วัน 5ชม.,27/10/2026 07:00,82.34524791620629
10,addr1qx76fqgq205rne2h2qx8s9qys9ywxh5ax6ntfrh8wx3tmuhg2nrp3reynum9twy3qnkm24xvnqc0n3frqs7z64zs5hdsds03wv,1.707392,⏳ 4วัน 5ชม.,26/12/2025 07:00,5.406818993099219
10,addr1qx76fqgq205rne2h2qx8s9qys9ywxh5ax6ntfrh8wx3tmuhg2nrp3reynum9twy3qnkm24xvnqc0n3frqs7z64zs5hdsds03wv,1.707392,⏳ 94วัน 5ชม.,26/03/2026 07:00,5.406818993099219
10,addr1qx76fqgq205rne2h2qx8s9qys9ywxh5ax6ntfrh8wx3tmuhg2nrp3reynum9twy3qnkm24xvnqc0n3frqs7z64zs5hdsds03wv,1.707392,⏳ 184วัน 5ชม.,24/06/2026 07:00,5.406818993099219
10,addr1qx76fqgq205rne2h2qx8s9qys9ywxh5ax6ntfrh8wx3tmuhg2nrp3reynum9twy3qnkm24xvnqc0n3frqs7z64zs5hdsds03wv,1.707392,⏳ 274วัน 5ชม.,22/09/2026 07:00,5.406818993099219
6,addr1q805hxj82z9juqv4pceg8zs37amhrsv7nqszhguqlpx2q6hqvvaml8kp5zp2el44rff857t9ecacxk7p03jaqllxdxkqw2tzqs,2.341163,⏳ 16วัน 5ชม.,07/01/2026 07:00,7.413789319817093
6,addr1q805hxj82z9juqv4pceg8zs37amhrsv7nqszhguqlpx2q6hqvvaml8kp5zp2el44rff857t9ecacxk7p03jaqllxdxkqw2tzqs,2.341163,⏳ 106วัน 5ชม.,07/04/2026 07:00,7.413789319817093
6,addr1q805hxj82z9juqv4pceg8zs37amhrsv7nqszhguqlpx2q6hqvvaml8kp5zp2el44rff857t9ecacxk7p03jaqllxdxkqw2tzqs,2.341163,⏳ 196วัน 5ชม.,06/07/2026 07:00,7.413789319817093
6,addr1q805hxj82z9juqv4pceg8zs37amhrsv7nqszhguqlpx2q6hqvvaml8kp5zp2el44rff857t9ecacxk7p03jaqllxdxkqw2tzqs,2.341166,⏳ 286วัน 5ชม.,04/10/2026 07:00,7.413798819953546
1,addr1q82unatay9h2mpwfapmccav860u52wwta70xxz4gjkfu0r6rkjwpktsg4mgynfxcxf7690dl0hvn8kumr9q295y4nzkqwwfuup,17.993186,⏳ 52วัน 5ชม.,12/02/2026 07:00,56.97924074328974
1,addr1q82unatay9h2mpwfapmccav860u52wwta70xxz4gjkfu0r6rkjwpktsg4mgynfxcxf7690dl0hvn8kumr9q295y4nzkqwwfuup,17.993186,⏳ 142วัน 5ชม.,13/05/2026 07:00,56.97924074328974
1,addr1q82unatay9h2mpwfapmccav860u52wwta70xxz4gjkfu0r6rkjwpktsg4mgynfxcxf7690dl0hvn8kumr9q295y4nzkqwwfuup,17.993186,⏳ 232วัน 5ชม.,11/08/2026 07:00,56.97924074328974
1,addr1q82unatay9h2mpwfapmccav860u52wwta70xxz4gjkfu0r6rkjwpktsg4mgynfxcxf7690dl0hvn8kumr9q295y4nzkqwwfuup,17.993187,⏳ 322วัน 5ชม.,09/11/2026 07:00,56.97924391000189
3,addr1qy5un7gx0vrhm6alc6yh8f584xrcjtyz4ag5vypptzwqh6krjfjflkydras05krl0r8wzs6l3l55729a05dryxw7vm7qzdvrp5,2.867227,⏳ 17วัน 5ชม.,08/01/2026 07:00,9.079682580875918
3,addr1qy5un7gx0vrhm6alc6yh8f584xrcjtyz4ag5vypptzwqh6krjfjflkydras05krl0r8wzs6l3l55729a05dryxw7vm7qzdvrp5,2.867227,⏳ 107วัน 5ชม.,08/04/2026 07:00,9.079682580875918
3,addr1qy5un7gx0vrhm6alc6yh8f584xrcjtyz4ag5vypptzwqh6krjfjflkydras05krl0r8wzs6l3l55729a05dryxw7vm7qzdvrp5,2.867227,⏳ 197วัน 5ชม.,07/07/2026 07:00,9.079682580875918
3,addr1qy5un7gx0vrhm6alc6yh8f584xrcjtyz4ag5vypptzwqh6krjfjflkydras05krl0r8wzs6l3l55729a05dryxw7vm7qzdvrp5,2.867227,⏳ 287วัน 5ชม.,05/10/2026 07:00,9.079682580875918
5,addr1q88pskl9fpny303gf3r9f7jpvwhuqj2cz48w3asrzmrseg78tk0lv6aarefclcrs0ch8reu6jj2kzesdsxnt0x59y3ys8xv86f,1.723572,⏳ 11วัน 5ชม.,02/01/2026 07:00,5.458056395704095
5,addr1q88pskl9fpny303gf3r9f7jpvwhuqj2cz48w3asrzmrseg78tk0lv6aarefclcrs0ch8reu6jj2kzesdsxnt0x59y3ys8xv86f,1.723572,⏳ 101วัน 5ชม.,02/04/2026 07:00,5.458056395704095
5,addr1q88pskl9fpny303gf3r9f7jpvwhuqj2cz48w3asrzmrseg78tk0lv6aarefclcrs0ch8reu6jj2kzesdsxnt0x59y3ys8xv86f,1.723572,⏳ 191วัน 5ชม.,01/07/2026 07:00,5.458056395704095
5,addr1q88pskl9fpny303gf3r9f7jpvwhuqj2cz48w3asrzmrseg78tk0lv6aarefclcrs0ch8reu6jj2kzesdsxnt0x59y3ys8xv86f,1.723573,⏳ 281วัน 5ชม.,29/09/2026 07:00,5.4580595624162465
10,addr1qx44lcaux9hw9xqx954mpjefuvtmtwy73922f4yqg9m5zyec8mtase4ztvjvq40578pjwuc5zr3t2e5lspn4lt6dx7fsp7v5w8,0.579917,⏳ 21วัน 5ชม.,12/01/2026 07:00,1.8364302105322736
10,addr1qx44lcaux9hw9xqx954mpjefuvtmtwy73922f4yqg9m5zyec8mtase4ztvjvq40578pjwuc5zr3t2e5lspn4lt6dx7fsp7v5w8,0.579917,⏳ 111วัน 5ชม.,12/04/2026 07:00,1.8364302105322736
10,addr1qx44lcaux9hw9xqx954mpjefuvtmtwy73922f4yqg9m5zyec8mtase4ztvjvq40578pjwuc5zr3t2e5lspn4lt6dx7fsp7v5w8,0.579917,⏳ 201วัน 5ชม.,11/07/2026 07:00,1.8364302105322736
10,addr1qx44lcaux9hw9xqx954mpjefuvtmtwy73922f4yqg9m5zyec8mtase4ztvjvq40578pjwuc5zr3t2e5lspn4lt6dx7fsp7v5w8,0.579919,⏳ 291วัน 5ชม.,09/10/2026 07:00,1.8364365439565757
6,addr1qyzspd3s2m8ylkq49wrzy6c5zzu9ew6z8wsuuc548jp73hju5pk5jc33heepy2xp5kt3mhu5vnztga6ql82r2h7wrrws65nuvh,6.851061,⏳ 32วัน 5ชม.,23/01/2026 07:00,21.69533811666057
6,addr1qyzspd3s2m8ylkq49wrzy6c5zzu9ew6z8wsuuc548jp73hju5pk5jc33heepy2xp5kt3mhu5vnztga6ql82r2h7wrrws65nuvh,6.851061,⏳ 122วัน 5ชม.,23/04/2026 07:00,21.69533811666057
6,addr1qyzspd3s2m8ylkq49wrzy6c5zzu9ew6z8wsuuc548jp73hju5pk5jc33heepy2xp5kt3mhu5vnztga6ql82r2h7wrrws65nuvh,6.851061,⏳ 212วัน 5ชม.,22/07/2026 07:00,21.69533811666057
6,addr1qyzspd3s2m8ylkq49wrzy6c5zzu9ew6z8wsuuc548jp73hju5pk5jc33heepy2xp5kt3mhu5vnztga6ql82r2h7wrrws65nuvh,6.851064,⏳ 302วัน 5ชม.,20/10/2026 07:00,21.695347616797026
1,addr1qyy4rxmujjrvuxcm59ckuy5a69fugtrmkcmg88ykcrd4h2szt5k4xudam5wyv0fwzk3lh8s88vktjkr2crwqcp8yt23qpj7f4f,15.980151,⏳ 39วัน 5ชม.,30/01/2026 07:00,50.60453834819038
1,addr1qyy4rxmujjrvuxcm59ckuy5a69fugtrmkcmg88ykcrd4h2szt5k4xudam5wyv0fwzk3lh8s88vktjkr2crwqcp8yt23qpj7f4f,15.980151,⏳ 129วัน 5ชม.,30/04/2026 07:00,50.60453834819038
1,addr1qyy4rxmujjrvuxcm59ckuy5a69fugtrmkcmg88ykcrd4h2szt5k4xudam5wyv0fwzk3lh8s88vktjkr2crwqcp8yt23qpj7f4f,15.980151,⏳ 219วัน 5ชม.,29/07/2026 07:00,50.60453834819038
1,addr1qyy4rxmujjrvuxcm59ckuy5a69fugtrmkcmg88ykcrd4h2szt5k4xudam5wyv0fwzk3lh8s88vktjkr2crwqcp8yt23qpj7f4f,15.980154,⏳ 309วัน 5ชม.,27/10/2026 07:00,50.60454784832684
9,addr1qxuntsqg6tjz0323zgjzvjzc2h3vxfwqpurdeljjphj5qjcvk4aygvrc0h6k3l8m9rcsqw4jjd52st8m4kcxjtp5w2rq4u4jm8,1.35225,⏳ 59วัน 5ชม.,19/02/2026 07:00,4.282186506331539
9,addr1qxuntsqg6tjz0323zgjzvjzc2h3vxfwqpurdeljjphj5qjcvk4aygvrc0h6k3l8m9rcsqw4jjd52st8m4kcxjtp5w2rq4u4jm8,1.35225,⏳ 149วัน 5ชม.,20/05/2026 07:00,4.282186506331539
9,addr1qxuntsqg6tjz0323zgjzvjzc2h3vxfwqpurdeljjphj5qjcvk4aygvrc0h6k3l8m9rcsqw4jjd52st8m4kcxjtp5w2rq4u4jm8,1.35225,⏳ 239วัน 5ชม.,18/08/2026 07:00,4.282186506331539
9,addr1qxuntsqg6tjz0323zgjzvjzc2h3vxfwqpurdeljjphj5qjcvk4aygvrc0h6k3l8m9rcsqw4jjd52st8m4kcxjtp5w2rq4u4jm8,1.352252,⏳ 329วัน 5ชม.,16/11/2026 07:00,4.282192839755841
8,addr1q8l05ag4j5caq78648ha0u0zufmsykwnnk80c0ktn30qzuj7kwf97qgzhfdmd73lu4s66gnal8asaxywzc9u9p0f84dsp9qp4e,29.661304,⏳ 1วัน 5ชม.,23/12/2025 07:00,93.92881179441501
8,addr1q8l05ag4j5caq78648ha0u0zufmsykwnnk80c0ktn30qzuj7kwf97qgzhfdmd73lu4s66gnal8asaxywzc9u9p0f84dsp9qp4e,29.661304,⏳ 91วัน 5ชม.,23/03/2026 07:00,93.92881179441501
8,addr1q8l05ag4j5caq78648ha0u0zufmsykwnnk80c0ktn30qzuj7kwf97qgzhfdmd73lu4s66gnal8asaxywzc9u9p0f84dsp9qp4e,29.661304,⏳ 181วัน 5ชม.,21/06/2026 07:00,93.92881179441501
8,addr1q8l05ag4j5caq78648ha0u0zufmsykwnnk80c0ktn30qzuj7kwf97qgzhfdmd73lu4s66gnal8asaxywzc9u9p0f84dsp9qp4e,29.661305,⏳ 271วัน 5ชม.,19/09/2026 07:00,93.92881496112716
10,addr1q9yh0ze6gn4tsxntu5flfmsjf829632pj5xj5kcle25kjxlm6jaj2zz7jh9cjqylkv77npz06fdt9xydyvxry4xfaqxsm4s6qv,1.707392,⏳ 15วัน 5ชม.,06/01/2026 07:00,5.406818993099219
10,addr1q9yh0ze6gn4tsxntu5flfmsjf829632pj5xj5kcle25kjxlm6jaj2zz7jh9cjqylkv77npz06fdt9xydyvxry4xfaqxsm4s6qv,1.707392,⏳ 105วัน 5ชม.,06/04/2026 07:00,5.406818993099219
10,addr1q9yh0ze6gn4tsxntu5flfmsjf829632pj5xj5kcle25kjxlm6jaj2zz7jh9cjqylkv77npz06fdt9xydyvxry4xfaqxsm4s6qv,1.707392,⏳ 195วัน 5ชม.,05/07/2026 07:00,5.406818993099219
10,addr1q9yh0ze6gn4tsxntu5flfmsjf829632pj5xj5kcle25kjxlm6jaj2zz7jh9cjqylkv77npz06fdt9xydyvxry4xfaqxsm4s6qv,1.707392,⏳ 285วัน 5ชม.,03/10/2026 07:00,5.406818993099219
6,addr1q9fanmrxwhd5uc2mkjwswea7enjzfwc6sq450wfmllla0gjzq9f6sqdp320j8wzhsas2k55xshym8ypfqaqa590wjdxqvyj6jy,8.571011,Claimed (เคลมแล้ว),2025-12-10,27.141924680953366
6,addr1q9fanmrxwhd5uc2mkjwswea7enjzfwc6sq450wfmllla0gjzq9f6sqdp320j8wzhsas2k55xshym8ypfqaqa590wjdxqvyj6jy,8.571011,⏳ 78วัน 5ชม.,10/03/2026 07:00,27.141924680953366
6,addr1q9fanmrxwhd5uc2mkjwswea7enjzfwc6sq450wfmllla0gjzq9f6sqdp320j8wzhsas2k55xshym8ypfqaqa590wjdxqvyj6jy,8.571011,⏳ 168วัน 5ชม.,08/06/2026 07:00,27.141924680953366
6,addr1q9fanmrxwhd5uc2mkjwswea7enjzfwc6sq450wfmllla0gjzq9f6sqdp320j8wzhsas2k55xshym8ypfqaqa590wjdxqvyj6jy,8.571014,⏳ 258วัน 5ชม.,06/09/2026 07:00,27.14193418108982
1,addr1qyhaucee4f3j64ar72ckmrudsx6yhhsc86kpdkpv23ptsuc4j8s42autt6hkww09fgqqkp7pta8dmv2aee4sxklrptusdpx0u5,34.088607,✅ เคลมได้เลย,21/12/2025 07:00,107.948806001138
1,addr1qyhaucee4f3j64ar72ckmrudsx6yhhsc86kpdkpv23ptsuc4j8s42autt6hkww09fgqqkp7pta8dmv2aee4sxklrptusdpx0u5,34.088607,⏳ 89วัน 5ชม.,21/03/2026 07:00,107.948806001138
1,addr1qyhaucee4f3j64ar72ckmrudsx6yhhsc86kpdkpv23ptsuc4j8s42autt6hkww09fgqqkp7pta8dmv2aee4sxklrptusdpx0u5,34.088607,⏳ 179วัน 5ชม.,19/06/2026 07:00,107.948806001138
1,addr1qyhaucee4f3j64ar72ckmrudsx6yhhsc86kpdkpv23ptsuc4j8s42autt6hkww09fgqqkp7pta8dmv2aee4sxklrptusdpx0u5,34.088607,⏳ 269วัน 5ชม.,17/09/2026 07:00,107.948806001138
9,addr1qyl3t275xm9arxedf926wshhc7gjqqdqyw66jsg0xugl03m7ylpk9f62rnah9xxcj8uz2vqh38jypcdnjghgzrlzq02qfuhpne,34.17168,⏳ 64วัน 5ชม.,24/02/2026 07:00,108.21187427966672
9,addr1qyl3t275xm9arxedf926wshhc7gjqqdqyw66jsg0xugl03m7ylpk9f62rnah9xxcj8uz2vqh38jypcdnjghgzrlzq02qfuhpne,34.17168,⏳ 154วัน 5ชม.,25/05/2026 07:00,108.21187427966672
9,addr1qyl3t275xm9arxedf926wshhc7gjqqdqyw66jsg0xugl03m7ylpk9f62rnah9xxcj8uz2vqh38jypcdnjghgzrlzq02qfuhpne,34.17168,⏳ 244วัน 5ชม.,23/08/2026 07:00,108.21187427966672
9,addr1qyl3t275xm9arxedf926wshhc7gjqqdqyw66jsg0xugl03m7ylpk9f62rnah9xxcj8uz2vqh38jypcdnjghgzrlzq02qfuhpne,34.17168,⏳ 334วัน 5ชม.,21/11/2026 07:00,108.21187427966672
8,addr1q9sfy22muc9rum7u9cytc5dga4sy07jlattznafhnvu9clphlj88jecpj2vkwyhy27h9na4pumuukwmel6evgletn77s557ate,16.858598,⏳ 35วัน 5ชม.,26/01/2026 07:00,53.38632713719199
8,addr1q9sfy22muc9rum7u9cytc5dga4sy07jlattznafhnvu9clphlj88jecpj2vkwyhy27h9na4pumuukwmel6evgletn77s557ate,16.858598,⏳ 125วัน 5ชม.,26/04/2026 07:00,53.38632713719199
8,addr1q9sfy22muc9rum7u9cytc5dga4sy07jlattznafhnvu9clphlj88jecpj2vkwyhy27h9na4pumuukwmel6evgletn77s557ate,16.858598,⏳ 215วัน 5ชม.,25/07/2026 07:00,53.38632713719199
8,addr1q9sfy22muc9rum7u9cytc5dga4sy07jlattznafhnvu9clphlj88jecpj2vkwyhy27h9na4pumuukwmel6evgletn77s557ate,16.858599,⏳ 305วัน 5ชม.,23/10/2026 07:00,53.386330303904145
8,addr1q97h5ang0wy75xaj89mqzcrt8e5afc5c5msxkgpqejrxxym80s6hke6mhawl4grkhgs2rrtumv3jfex4p0xhmln8a4kqh9yxgc,32.404741,⏳ 0วัน 5ชม.,22/12/2025 07:00,102.61648707810566
8,addr1q97h5ang0wy75xaj89mqzcrt8e5afc5c5msxkgpqejrxxym80s6hke6mhawl4grkhgs2rrtumv3jfex4p0xhmln8a4kqh9yxgc,32.404741,⏳ 90วัน 5ชม.,22/03/2026 07:00,102.61648707810566
8,addr1q97h5ang0wy75xaj89mqzcrt8e5afc5c5msxkgpqejrxxym80s6hke6mhawl4grkhgs2rrtumv3jfex4p0xhmln8a4kqh9yxgc,32.404741,⏳ 180วัน 5ชม.,20/06/2026 07:00,102.61648707810566
8,addr1q97h5ang0wy75xaj89mqzcrt8e5afc5c5msxkgpqejrxxym80s6hke6mhawl4grkhgs2rrtumv3jfex4p0xhmln8a4kqh9yxgc,32.404742,⏳ 270วัน 5ชม.,18/09/2026 07:00,102.6164902448178
6,addr1q99sr9x0mzd7qwaq60pulnnwu9l5q5kdyq574dhg2fj9pl0vlvm862q2d9j4srevfy6ydtzthjtse99svh6sgy898hvs9mrrxa,2.904901,⏳ 55วัน 5ชม.,15/02/2026 07:00,9.198985294456643
6,addr1q99sr9x0mzd7qwaq60pulnnwu9l5q5kdyq574dhg2fj9pl0vlvm862q2d9j4srevfy6ydtzthjtse99svh6sgy898hvs9mrrxa,2.904901,⏳ 145วัน 5ชม.,16/05/2026 07:00,9.198985294456643
6,addr1q99sr9x0mzd7qwaq60pulnnwu9l5q5kdyq574dhg2fj9pl0vlvm862q2d9j4srevfy6ydtzthjtse99svh6sgy898hvs9mrrxa,2.904901,⏳ 235วัน 5ชม.,14/08/2026 07:00,9.198985294456643
6,addr1q99sr9x0mzd7qwaq60pulnnwu9l5q5kdyq574dhg2fj9pl0vlvm862q2d9j4srevfy6ydtzthjtse99svh6sgy898hvs9mrrxa,2.904901,⏳ 325วัน 5ชม.,12/11/2026 07:00,9.198985294456643
1,addr1q9vxk3c0vxgvs769cmx4c0x0438uz9yc0fp3rsfwp6f4q7fa9l38tx4lv768nw3neufjq3240yer0u77fvaylwe5u6eq6ehv4l,24.029338,⏳ 50วัน 5ชม.,10/02/2026 07:00,76.0939966276056
1,addr1q9vxk3c0vxgvs769cmx4c0x0438uz9yc0fp3rsfwp6f4q7fa9l38tx4lv768nw3neufjq3240yer0u77fvaylwe5u6eq6ehv4l,24.029338,⏳ 140วัน 5ชม.,11/05/2026 07:00,76.0939966276056
1,addr1q9vxk3c0vxgvs769cmx4c0x0438uz9yc0fp3rsfwp6f4q7fa9l38tx4lv768nw3neufjq3240yer0u77fvaylwe5u6eq6ehv4l,24.029338,⏳ 230วัน 5ชม.,09/08/2026 07:00,76.0939966276056
1,addr1q9vxk3c0vxgvs769cmx4c0x0438uz9yc0fp3rsfwp6f4q7fa9l38tx4lv768nw3neufjq3240yer0u77fvaylwe5u6eq6ehv4l,24.029338,⏳ 320วัน 5ชม.,07/11/2026 07:00,76.0939966276056
2,addr1q9avuurcxuqnywlylfxmt96eqcdpg5gd0zvzrpjms097e0p9g8dpswpkwwx36akgr3ekt88md3f70kn7hst25cj2rj2s4c9gqu,17.623516,⏳ 75วัน 5ชม.,07/03/2026 07:00,55.80860226239081
2,addr1q9avuurcxuqnywlylfxmt96eqcdpg5gd0zvzrpjms097e0p9g8dpswpkwwx36akgr3ekt88md3f70kn7hst25cj2rj2s4c9gqu,17.623516,⏳ 165วัน 5ชม.,05/06/2026 07:00,55.80860226239081
2,addr1q9avuurcxuqnywlylfxmt96eqcdpg5gd0zvzrpjms097e0p9g8dpswpkwwx36akgr3ekt88md3f70kn7hst25cj2rj2s4c9gqu,17.623516,⏳ 255วัน 5ชม.,03/09/2026 07:00,55.80860226239081
2,addr1q9avuurcxuqnywlylfxmt96eqcdpg5gd0zvzrpjms097e0p9g8dpswpkwwx36akgr3ekt88md3f70kn7hst25cj2rj2s4c9gqu,17.623518,⏳ 345วัน 5ชม.,02/12/2026 07:00,55.808608595815116
8,addr1qyd9a2l8jwstzu5ss423qj9ul47t9kzah4vtvyjtqfvmaaadqzct2pmfc8pk0k7kc6695c57z2u9yk3xetln20yaqjgsyvw79c,15.394841,⏳ 36วัน 5ชม.,27/01/2026 07:00,48.7510300590272
8,addr1qyd9a2l8jwstzu5ss423qj9ul47t9kzah4vtvyjtqfvmaaadqzct2pmfc8pk0k7kc6695c57z2u9yk3xetln20yaqjgsyvw79c,15.394841,⏳ 126วัน 5ชม.,27/04/2026 07:00,48.7510300590272
8,addr1qyd9a2l8jwstzu5ss423qj9ul47t9kzah4vtvyjtqfvmaaadqzct2pmfc8pk0k7kc6695c57z2u9yk3xetln20yaqjgsyvw79c,15.394841,⏳ 216วัน 5ชม.,26/07/2026 07:00,48.7510300590272
8,addr1qyd9a2l8jwstzu5ss423qj9ul47t9kzah4vtvyjtqfvmaaadqzct2pmfc8pk0k7kc6695c57z2u9yk3xetln20yaqjgsyvw79c,15.394843,⏳ 306วัน 5ชม.,24/10/2026 07:00,48.7510363924515
6,addr1qxc7c63vnsae684hd07j3lmq0jaytgywpkpnqvl0fkctxlqhczwk0x0wcs459k2rwx6sszjahkfj4803tse5lxlj07zsrd63tg,5.131111,⏳ 73วัน 5ชม.,05/03/2026 07:00,16.24875155236778
6,addr1qxc7c63vnsae684hd07j3lmq0jaytgywpkpnqvl0fkctxlqhczwk0x0wcs459k2rwx6sszjahkfj4803tse5lxlj07zsrd63tg,5.131111,⏳ 163วัน 5ชม.,03/06/2026 07:00,16.24875155236778
6,addr1qxc7c63vnsae684hd07j3lmq0jaytgywpkpnqvl0fkctxlqhczwk0x0wcs459k2rwx6sszjahkfj4803tse5lxlj07zsrd63tg,5.131111,⏳ 253วัน 5ชม.,01/09/2026 07:00,16.24875155236778
6,addr1qxc7c63vnsae684hd07j3lmq0jaytgywpkpnqvl0fkctxlqhczwk0x0wcs459k2rwx6sszjahkfj4803tse5lxlj07zsrd63tg,5.131114,⏳ 343วัน 5ชม.,30/11/2026 07:00,16.248761052504232
2,addr1qx7g2k4pl2qnpnwvmm6uxckvvahlpkd0u3urz4g3dy82ugljp66grqm7v75dykepu2h6xr67zznncy2kxup8dhxcefjqfg0676,16.363081,⏳ 18วัน 5ชม.,09/01/2026 07:00,51.81716743221297
2,addr1qx7g2k4pl2qnpnwvmm6uxckvvahlpkd0u3urz4g3dy82ugljp66grqm7v75dykepu2h6xr67zznncy2kxup8dhxcefjqfg0676,16.363081,⏳ 108วัน 5ชม.,09/04/2026 07:00,51.81716743221297
2,addr1qx7g2k4pl2qnpnwvmm6uxckvvahlpkd0u3urz4g3dy82ugljp66grqm7v75dykepu2h6xr67zznncy2kxup8dhxcefjqfg0676,16.363081,⏳ 198วัน 5ชม.,08/07/2026 07:00,51.81716743221297
2,addr1qx7g2k4pl2qnpnwvmm6uxckvvahlpkd0u3urz4g3dy82ugljp66grqm7v75dykepu2h6xr67zznncy2kxup8dhxcefjqfg0676,16.363082,⏳ 288วัน 5ชม.,06/10/2026 07:00,51.81717059892511
8,addr1qyjl80mkqsqq5d6d8nuul0qksxwsh5nklwcww60p0aq8nm0se4gdh8l96ujk9g4etthh5w5qp6n3wy8rd4aa652s72jqyw2rc8,12.467328,⏳ 11วัน 5ชม.,02/01/2026 07:00,39.480439069409776
8,addr1qyjl80mkqsqq5d6d8nuul0qksxwsh5nklwcww60p0aq8nm0se4gdh8l96ujk9g4etthh5w5qp6n3wy8rd4aa652s72jqyw2rc8,12.467328,⏳ 101วัน 5ชม.,02/04/2026 07:00,39.480439069409776
8,addr1qyjl80mkqsqq5d6d8nuul0qksxwsh5nklwcww60p0aq8nm0se4gdh8l96ujk9g4etthh5w5qp6n3wy8rd4aa652s72jqyw2rc8,12.467328,⏳ 191วัน 5ชม.,01/07/2026 07:00,39.480439069409776
8,addr1qyjl80mkqsqq5d6d8nuul0qksxwsh5nklwcww60p0aq8nm0se4gdh8l96ujk9g4etthh5w5qp6n3wy8rd4aa652s72jqyw2rc8,12.467328,⏳ 281วัน 5ชม.,29/09/2026 07:00,39.480439069409776
1,addr1qy6ezshna4dherlsgxfkjzjyrnnqtn5888ml0cg3awknxg8hd90lw084gm7sh3axznlxlwsksns63jr73rvkuszp905q5ad9u9,21.285901,⏳ 4วัน 5ชม.,26/12/2025 07:00,67.40632134391495
1,addr1qy6ezshna4dherlsgxfkjzjyrnnqtn5888ml0cg3awknxg8hd90lw084gm7sh3axznlxlwsksns63jr73rvkuszp905q5ad9u9,21.285901,⏳ 94วัน 5ชม.,26/03/2026 07:00,67.40632134391495
1,addr1qy6ezshna4dherlsgxfkjzjyrnnqtn5888ml0cg3awknxg8hd90lw084gm7sh3axznlxlwsksns63jr73rvkuszp905q5ad9u9,21.285901,⏳ 184วัน 5ชม.,24/06/2026 07:00,67.40632134391495
1,addr1qy6ezshna4dherlsgxfkjzjyrnnqtn5888ml0cg3awknxg8hd90lw084gm7sh3axznlxlwsksns63jr73rvkuszp905q5ad9u9,21.285901,⏳ 274วัน 5ชม.,22/09/2026 07:00,67.40632134391495
6,addr1q89hghzd6svujf605j6eha6tuuamay35z4ltjh9swdkxrsk7mtxvy3xj2wt7ckd5sef7flw8adq6tfqpuuth5wu3p93q3de99n,8.542273,⏳ 41วัน 5ชม.,01/02/2026 07:00,27.050919707154915
6,addr1q89hghzd6svujf605j6eha6tuuamay35z4ltjh9swdkxrsk7mtxvy3xj2wt7ckd5sef7flw8adq6tfqpuuth5wu3p93q3de99n,8.542273,⏳ 131วัน 5ชม.,02/05/2026 07:00,27.050919707154915
6,addr1q89hghzd6svujf605j6eha6tuuamay35z4ltjh9swdkxrsk7mtxvy3xj2wt7ckd5sef7flw8adq6tfqpuuth5wu3p93q3de99n,8.542273,⏳ 221วัน 5ชม.,31/07/2026 07:00,27.050919707154915
6,addr1q89hghzd6svujf605j6eha6tuuamay35z4ltjh9swdkxrsk7mtxvy3xj2wt7ckd5sef7flw8adq6tfqpuuth5wu3p93q3de99n,8.542275,⏳ 311วัน 5ชม.,29/10/2026 07:00,27.050926040579217
2,addr1q9nlvzmmzct8sqstl53snrfcspdccu8n96j45htg0srap74rnqwhd64rrat6386m3swyapt34ng7ztftqk99vutvy60qxj9htj,16.166909,⏳ 46วัน 5ชม.,06/02/2026 07:00,51.19594717610642
2,addr1q9nlvzmmzct8sqstl53snrfcspdccu8n96j45htg0srap74rnqwhd64rrat6386m3swyapt34ng7ztftqk99vutvy60qxj9htj,16.166909,⏳ 136วัน 5ชม.,07/05/2026 07:00,51.19594717610642
2,addr1q9nlvzmmzct8sqstl53snrfcspdccu8n96j45htg0srap74rnqwhd64rrat6386m3swyapt34ng7ztftqk99vutvy60qxj9htj,16.166909,⏳ 226วัน 5ชม.,05/08/2026 07:00,51.19594717610642
2,addr1q9nlvzmmzct8sqstl53snrfcspdccu8n96j45htg0srap74rnqwhd64rrat6386m3swyapt34ng7ztftqk99vutvy60qxj9htj,16.166912,⏳ 316วัน 5ชม.,03/11/2026 07:00,51.19595667624288
1,addr1qx3gt3a09qxg4lueh7yutz9jywng82vwjxhe0n7y0sa4sv8teeqkztvp4g5eq266kfndnfaafq80t3wvvaafcqgtazpslqh0q2,13.967117,⏳ 49วัน 5ชม.,09/02/2026 07:00,44.229839119803174
1,addr1qx3gt3a09qxg4lueh7yutz9jywng82vwjxhe0n7y0sa4sv8teeqkztvp4g5eq266kfndnfaafq80t3wvvaafcqgtazpslqh0q2,13.967117,⏳ 139วัน 5ชม.,10/05/2026 07:00,44.229839119803174
1,addr1qx3gt3a09qxg4lueh7yutz9jywng82vwjxhe0n7y0sa4sv8teeqkztvp4g5eq266kfndnfaafq80t3wvvaafcqgtazpslqh0q2,13.967117,⏳ 229วัน 5ชม.,08/08/2026 07:00,44.229839119803174
1,addr1qx3gt3a09qxg4lueh7yutz9jywng82vwjxhe0n7y0sa4sv8teeqkztvp4g5eq266kfndnfaafq80t3wvvaafcqgtazpslqh0q2,13.967118,⏳ 319วัน 5ชม.,06/11/2026 07:00,44.22984228651532
8,addr1qxar5lmpz6wa43xx0kwcr6xt6qgvvhgd0c2gxkj7faw6mzvm4wep7cnvnkjrcm60n28v9maxfweq23xl4fzlg0gu3llqx5wzzj,11.368772,⏳ 14วัน 5ชม.,05/01/2026 07:00,36.00162843554063
8,addr1qxar5lmpz6wa43xx0kwcr6xt6qgvvhgd0c2gxkj7faw6mzvm4wep7cnvnkjrcm60n28v9maxfweq23xl4fzlg0gu3llqx5wzzj,11.368772,⏳ 104วัน 5ชม.,05/04/2026 07:00,36.00162843554063
8,addr1qxar5lmpz6wa43xx0kwcr6xt6qgvvhgd0c2gxkj7faw6mzvm4wep7cnvnkjrcm60n28v9maxfweq23xl4fzlg0gu3llqx5wzzj,11.368772,⏳ 194วัน 5ชม.,04/07/2026 07:00,36.00162843554063
8,addr1qxar5lmpz6wa43xx0kwcr6xt6qgvvhgd0c2gxkj7faw6mzvm4wep7cnvnkjrcm60n28v9maxfweq23xl4fzlg0gu3llqx5wzzj,11.368774,⏳ 284วัน 5ชม.,02/10/2026 07:00,36.001634768964934
6,addr1q8qgusassujjxxvk4jzccuqs20kmadut3v6l2ggt7t0ylpfnr2vjat9dna46qdql3anu0flseenqs9tkrgcq804fl28q2jlq4m,9.669748,⏳ 9วัน 5ชม.,31/12/2025 07:00,30.62130848972186
6,addr1q8qgusassujjxxvk4jzccuqs20kmadut3v6l2ggt7t0ylpfnr2vjat9dna46qdql3anu0flseenqs9tkrgcq804fl28q2jlq4m,9.669748,⏳ 99วัน 5ชม.,31/03/2026 07:00,30.62130848972186
6,addr1q8qgusassujjxxvk4jzccuqs20kmadut3v6l2ggt7t0ylpfnr2vjat9dna46qdql3anu0flseenqs9tkrgcq804fl28q2jlq4m,9.669748,⏳ 189วัน 5ชม.,29/06/2026 07:00,30.62130848972186
6,addr1q8qgusassujjxxvk4jzccuqs20kmadut3v6l2ggt7t0ylpfnr2vjat9dna46qdql3anu0flseenqs9tkrgcq804fl28q2jlq4m,9.669748,⏳ 279วัน 5ชม.,27/09/2026 07:00,30.62130848972186
2,addr1qxl7n5lp7we9820q0xlhlzsy492l7a79avzj98lrt2nfvfatzmaqtfxj2clj52nuufpwsgr0gzeulw0h89dpz6avf4tqan0wys,11.005716,⏳ 54วัน 5ชม.,14/02/2026 07:00,34.85193458880911
2,addr1qxl7n5lp7we9820q0xlhlzsy492l7a79avzj98lrt2nfvfatzmaqtfxj2clj52nuufpwsgr0gzeulw0h89dpz6avf4tqan0wys,11.005716,⏳ 144วัน 5ชม.,15/05/2026 07:00,34.85193458880911
2,addr1qxl7n5lp7we9820q0xlhlzsy492l7a79avzj98lrt2nfvfatzmaqtfxj2clj52nuufpwsgr0gzeulw0h89dpz6avf4tqan0wys,11.005716,⏳ 234วัน 5ชม.,13/08/2026 07:00,34.85193458880911
2,addr1qxl7n5lp7we9820q0xlhlzsy492l7a79avzj98lrt2nfvfatzmaqtfxj2clj52nuufpwsgr0gzeulw0h89dpz6avf4tqan0wys,11.005718,⏳ 324วัน 5ชม.,11/11/2026 07:00,34.85194092223341
1,addr1qyrslglcfrp2rrm7x962vrzcgzyvu25kr0g0nnng4pumzjq82ctjf59z9g6gn0zjzr9al2ady0qphkaylnudcg289ehqx2ar4c,31.34517,⏳ 25วัน 5ชม.,16/01/2026 07:00,99.26113071744733
1,addr1qyrslglcfrp2rrm7x962vrzcgzyvu25kr0g0nnng4pumzjq82ctjf59z9g6gn0zjzr9al2ady0qphkaylnudcg289ehqx2ar4c,31.34517,⏳ 115วัน 5ชม.,16/04/2026 07:00,99.26113071744733
1,addr1qyrslglcfrp2rrm7x962vrzcgzyvu25kr0g0nnng4pumzjq82ctjf59z9g6gn0zjzr9al2ady0qphkaylnudcg289ehqx2ar4c,31.34517,⏳ 205วัน 5ชม.,15/07/2026 07:00,99.26113071744733
1,addr1qyrslglcfrp2rrm7x962vrzcgzyvu25kr0g0nnng4pumzjq82ctjf59z9g6gn0zjzr9al2ady0qphkaylnudcg289ehqx2ar4c,31.34517,⏳ 295วัน 5ชม.,13/10/2026 07:00,99.26113071744733
8,addr1q8whpwrdemqwlpux0x9v0436qeam44j2k9v2265m3sr0m4p43t29xzgvvc6xwzurz535mucazyyaeclsmansdrvxwj3s72xr9j,8.239166,⏳ 69วัน 5ชม.,01/03/2026 07:00,26.09106708716998
8,addr1q8whpwrdemqwlpux0x9v0436qeam44j2k9v2265m3sr0m4p43t29xzgvvc6xwzurz535mucazyyaeclsmansdrvxwj3s72xr9j,8.239166,⏳ 159วัน 5ชม.,30/05/2026 07:00,26.09106708716998
8,addr1q8whpwrdemqwlpux0x9v0436qeam44j2k9v2265m3sr0m4p43t29xzgvvc6xwzurz535mucazyyaeclsmansdrvxwj3s72xr9j,8.239166,⏳ 249วัน 5ชม.,28/08/2026 07:00,26.09106708716998
8,addr1q8whpwrdemqwlpux0x9v0436qeam44j2k9v2265m3sr0m4p43t29xzgvvc6xwzurz535mucazyyaeclsmansdrvxwj3s72xr9j,8.239167,⏳ 339วัน 5ชม.,26/11/2026 07:00,26.091070253882126
6,addr1q9v7ku50l8644rugfnq4ej4lj8cw3qy32jstmwnac7qhrqgt3alzmytesfhgsjkd5dyfkjpq7wgnutuzuxrwl50e42fsnex7jf,1.127474,✅ เคลมได้เลย,12/12/2025 07:00,3.570385615854794
6,addr1q9v7ku50l8644rugfnq4ej4lj8cw3qy32jstmwnac7qhrqgt3alzmytesfhgsjkd5dyfkjpq7wgnutuzuxrwl50e42fsnex7jf,1.127474,⏳ 80วัน 5ชม.,12/03/2026 07:00,3.570385615854794
6,addr1q9v7ku50l8644rugfnq4ej4lj8cw3qy32jstmwnac7qhrqgt3alzmytesfhgsjkd5dyfkjpq7wgnutuzuxrwl50e42fsnex7jf,1.127474,⏳ 170วัน 5ชม.,10/06/2026 07:00,3.570385615854794
6,addr1q9v7ku50l8644rugfnq4ej4lj8cw3qy32jstmwnac7qhrqgt3alzmytesfhgsjkd5dyfkjpq7wgnutuzuxrwl50e42fsnex7jf,1.127476,⏳ 260วัน 5ชม.,08/09/2026 07:00,3.570391949279096
2,addr1q8nlleqtcus8lw3tqvsnargwynlqqnxfqusexehegkp3rzyeyxt0taatmgrg5h4tnj2zuh99wru74jxgxuuv2cpxz2vshkl8q0,7.207986,⏳ 26วัน 5ชม.,17/01/2026 07:00,22.825616851193672
2,addr1q8nlleqtcus8lw3tqvsnargwynlqqnxfqusexehegkp3rzyeyxt0taatmgrg5h4tnj2zuh99wru74jxgxuuv2cpxz2vshkl8q0,7.207986,⏳ 116วัน 5ชม.,17/04/2026 07:00,22.825616851193672
2,addr1q8nlleqtcus8lw3tqvsnargwynlqqnxfqusexehegkp3rzyeyxt0taatmgrg5h4tnj2zuh99wru74jxgxuuv2cpxz2vshkl8q0,7.207986,⏳ 206วัน 5ชม.,16/07/2026 07:00,22.825616851193672
2,addr1q8nlleqtcus8lw3tqvsnargwynlqqnxfqusexehegkp3rzyeyxt0taatmgrg5h4tnj2zuh99wru74jxgxuuv2cpxz2vshkl8q0,7.207987,⏳ 296วัน 5ชม.,14/10/2026 07:00,22.825620017905823
1,addr1q9tscdzevtyf83y6cndt9fddcf777l9vl969k5ud9ur99ex80td29e8q6tdqalz4v0qa29ddqfn5ll7u7k5lp0r3a27qcfwq0e,13.417839,⏳ 62วัน 5ชม.,22/02/2026 07:00,42.4904338028686
1,addr1q9tscdzevtyf83y6cndt9fddcf777l9vl969k5ud9ur99ex80td29e8q6tdqalz4v0qa29ddqfn5ll7u7k5lp0r3a27qcfwq0e,13.417839,⏳ 152วัน 5ชม.,23/05/2026 07:00,42.4904338028686
1,addr1q9tscdzevtyf83y6cndt9fddcf777l9vl969k5ud9ur99ex80td29e8q6tdqalz4v0qa29ddqfn5ll7u7k5lp0r3a27qcfwq0e,13.417839,⏳ 242วัน 5ชม.,21/08/2026 07:00,42.4904338028686
1,addr1q9tscdzevtyf83y6cndt9fddcf777l9vl969k5ud9ur99ex80td29e8q6tdqalz4v0qa29ddqfn5ll7u7k5lp0r3a27qcfwq0e,13.417841,⏳ 332วัน 5ชม.,19/11/2026 07:00,42.490440136292904
8,addr1qyuahjnttj5lec03xg478egw48zy3wvuc8vxfvj2wz9yr3f54mx49rrw74gsfl2ewjsxweuqm0tdlawuhm5kgwpvlq3s6e3e83,7.689888,⏳ 35วัน 5ชม.,26/01/2026 07:00,24.351661770235403
8,addr1qyuahjnttj5lec03xg478egw48zy3wvuc8vxfvj2wz9yr3f54mx49rrw74gsfl2ewjsxweuqm0tdlawuhm5kgwpvlq3s6e3e83,7.689888,⏳ 125วัน 5ชม.,26/04/2026 07:00,24.351661770235403
8,addr1qyuahjnttj5lec03xg478egw48zy3wvuc8vxfvj2wz9yr3f54mx49rrw74gsfl2ewjsxweuqm0tdlawuhm5kgwpvlq3s6e3e83,7.689888,⏳ 215วัน 5ชม.,25/07/2026 07:00,24.351661770235403
8,addr1qyuahjnttj5lec03xg478egw48zy3wvuc8vxfvj2wz9yr3f54mx49rrw74gsfl2ewjsxweuqm0tdlawuhm5kgwpvlq3s6e3e83,7.68989,⏳ 305วัน 5ชม.,23/10/2026 07:00,24.351668103659705
2,addr1qy9vu3f368dppv0z49jcr83qxeavpq85tyvqwxqvt6dldcj202x9equl8j7zjwq2q5dq00qgeuthusgaxz0zglq3jy6q9u3g4e,0.779817,✅ เคลมได้เลย,13/12/2025 07:00,2.4694559695381337
2,addr1qy9vu3f368dppv0z49jcr83qxeavpq85tyvqwxqvt6dldcj202x9equl8j7zjwq2q5dq00qgeuthusgaxz0zglq3jy6q9u3g4e,0.779817,⏳ 81วัน 5ชม.,13/03/2026 07:00,2.4694559695381337
2,addr1qy9vu3f368dppv0z49jcr83qxeavpq85tyvqwxqvt6dldcj202x9equl8j7zjwq2q5dq00qgeuthusgaxz0zglq3jy6q9u3g4e,0.779817,⏳ 171วัน 5ชม.,11/06/2026 07:00,2.4694559695381337
2,addr1qy9vu3f368dppv0z49jcr83qxeavpq85tyvqwxqvt6dldcj202x9equl8j7zjwq2q5dq00qgeuthusgaxz0zglq3jy6q9u3g4e,0.779818,⏳ 261วัน 5ชม.,09/09/2026 07:00,2.469459136250285
1,addr1q8nre6qp0292uqz5wk6ajma656dku0ykd7vzqnn8xttqy2nhleu8ps6y2j8n2fha73ku7h5s9kah4l3dlzrsw0yxvqmscz9s4v,11.588881,⏳ 14วัน 5ชม.,05/01/2026 07:00,36.698650280408174
1,addr1q8nre6qp0292uqz5wk6ajma656dku0ykd7vzqnn8xttqy2nhleu8ps6y2j8n2fha73ku7h5s9kah4l3dlzrsw0yxvqmscz9s4v,11.588881,⏳ 104วัน 5ชม.,05/04/2026 07:00,36.698650280408174
1,addr1q8nre6qp0292uqz5wk6ajma656dku0ykd7vzqnn8xttqy2nhleu8ps6y2j8n2fha73ku7h5s9kah4l3dlzrsw0yxvqmscz9s4v,11.588881,⏳ 194วัน 5ชม.,04/07/2026 07:00,36.698650280408174
1,addr1q8nre6qp0292uqz5wk6ajma656dku0ykd7vzqnn8xttqy2nhleu8ps6y2j8n2fha73ku7h5s9kah4l3dlzrsw0yxvqmscz9s4v,11.588883,⏳ 284วัน 5ชม.,02/10/2026 07:00,36.69865661383247
8,addr1qy4wy5z4yc283zqzuh2vnk7fzcdy7f22rw8ucafv6qz5srpwxwl93kd8c2tlx7zujgeptuy2xy29smd8tjhtgmnurh9sfumf5n,7.689888,✅ เคลมได้เลย,12/12/2025 07:00,24.351661770235403
8,addr1qy4wy5z4yc283zqzuh2vnk7fzcdy7f22rw8ucafv6qz5srpwxwl93kd8c2tlx7zujgeptuy2xy29smd8tjhtgmnurh9sfumf5n,7.689888,⏳ 80วัน 5ชม.,12/03/2026 07:00,24.351661770235403
8,addr1qy4wy5z4yc283zqzuh2vnk7fzcdy7f22rw8ucafv6qz5srpwxwl93kd8c2tlx7zujgeptuy2xy29smd8tjhtgmnurh9sfumf5n,7.689888,⏳ 170วัน 5ชม.,10/06/2026 07:00,24.351661770235403
8,addr1qy4wy5z4yc283zqzuh2vnk7fzcdy7f22rw8ucafv6qz5srpwxwl93kd8c2tlx7zujgeptuy2xy29smd8tjhtgmnurh9sfumf5n,7.68989,⏳ 260วัน 5ชม.,08/09/2026 07:00,24.351668103659705
6,addr1qxwnc6qmplqrs7s02de6gh0yggmf855pk8w90asqwlxjqkgkysg9w5yw9yxkvre37jrh7r4arparmsysxp2ksc3xc7ps45v02p,0.563737,⏳ 76วัน 5ชม.,08/03/2026 07:00,1.785192807927397
6,addr1qxwnc6qmplqrs7s02de6gh0yggmf855pk8w90asqwlxjqkgkysg9w5yw9yxkvre37jrh7r4arparmsysxp2ksc3xc7ps45v02p,0.563737,⏳ 166วัน 5ชม.,06/06/2026 07:00,1.785192807927397
6,addr1qxwnc6qmplqrs7s02de6gh0yggmf855pk8w90asqwlxjqkgkysg9w5yw9yxkvre37jrh7r4arparmsysxp2ksc3xc7ps45v02p,0.563737,⏳ 256วัน 5ชม.,04/09/2026 07:00,1.785192807927397
6,addr1qxwnc6qmplqrs7s02de6gh0yggmf855pk8w90asqwlxjqkgkysg9w5yw9yxkvre37jrh7r4arparmsysxp2ksc3xc7ps45v02p,0.563738,⏳ 346วัน 5ชม.,03/12/2026 07:00,1.785195974639548
2,addr1qyvr4qv6t20laesnytfcu4hxptemxf7dwn5my5a4asvq326ymu3cq2vqsdd9xdn33ehkfd43g0jn3m7zuhlygv52an6sh2eec6,1.559634,⏳ 19วัน 5ชม.,10/01/2026 07:00,4.9389119390762675
2,addr1qyvr4qv6t20laesnytfcu4hxptemxf7dwn5my5a4asvq326ymu3cq2vqsdd9xdn33ehkfd43g0jn3m7zuhlygv52an6sh2eec6,1.559634,⏳ 109วัน 5ชม.,10/04/2026 07:00,4.9389119390762675
2,addr1qyvr4qv6t20laesnytfcu4hxptemxf7dwn5my5a4asvq326ymu3cq2vqsdd9xdn33ehkfd43g0jn3m7zuhlygv52an6sh2eec6,1.559634,⏳ 199วัน 5ชม.,09/07/2026 07:00,4.9389119390762675
2,addr1qyvr4qv6t20laesnytfcu4hxptemxf7dwn5my5a4asvq326ymu3cq2vqsdd9xdn33ehkfd43g0jn3m7zuhlygv52an6sh2eec6,1.559636,⏳ 289วัน 5ชม.,07/10/2026 07:00,4.93891827250057
1,addr1qx4q63fk7884p4tu42gceapc0hac54x9pu9pccdfgrgg27wkwvzs425tuq9k4rq6lkv2exadce4te4qjxzzrdqk3x3mqnv8pjl,11.588881,⏳ 11วัน 5ชม.,02/01/2026 07:00,36.698650280408174
1,addr1qx4q63fk7884p4tu42gceapc0hac54x9pu9pccdfgrgg27wkwvzs425tuq9k4rq6lkv2exadce4te4qjxzzrdqk3x3mqnv8pjl,11.588881,⏳ 101วัน 5ชม.,02/04/2026 07:00,36.698650280408174
1,addr1qx4q63fk7884p4tu42gceapc0hac54x9pu9pccdfgrgg27wkwvzs425tuq9k4rq6lkv2exadce4te4qjxzzrdqk3x3mqnv8pjl,11.588881,⏳ 191วัน 5ชม.,01/07/2026 07:00,36.698650280408174
1,addr1qx4q63fk7884p4tu42gceapc0hac54x9pu9pccdfgrgg27wkwvzs425tuq9k4rq6lkv2exadce4te4qjxzzrdqk3x3mqnv8pjl,11.588883,⏳ 281วัน 5ชม.,29/09/2026 07:00,36.69865661383247
8,addr1qyt5aluxuu4t7r2jckmvuxqmzp5056h6v90dv3pl2wqraza43ed6n92ngkgn2q890cc6pgsgp2adzce0a60svs388h5qy2pyyf,10.819494,⏳ 37วัน 5ชม.,28/01/2026 07:00,34.262223118606066
8,addr1qyt5aluxuu4t7r2jckmvuxqmzp5056h6v90dv3pl2wqraza43ed6n92ngkgn2q890cc6pgsgp2adzce0a60svs388h5qy2pyyf,10.819494,⏳ 127วัน 5ชม.,28/04/2026 07:00,34.262223118606066
8,addr1qyt5aluxuu4t7r2jckmvuxqmzp5056h6v90dv3pl2wqraza43ed6n92ngkgn2q890cc6pgsgp2adzce0a60svs388h5qy2pyyf,10.819494,⏳ 217วัน 5ชม.,27/07/2026 07:00,34.262223118606066
8,addr1qyt5aluxuu4t7r2jckmvuxqmzp5056h6v90dv3pl2wqraza43ed6n92ngkgn2q890cc6pgsgp2adzce0a60svs388h5qy2pyyf,10.819497,⏳ 307วัน 5ชม.,25/10/2026 07:00,34.262232618742516
5,addr1q9w9s0z82ccggeqjhcxtpnyq5rwt0v99r7u4yzn6v5qnnpf0zcqthvtvrv4eu0z8d35vuskzwmcvd6agx0pjl536x2xshxd43c,135.948663,⏳ 23วัน 5ชม.,14/01/2026 07:00,430.5102830485589
5,addr1q9w9s0z82ccggeqjhcxtpnyq5rwt0v99r7u4yzn6v5qnnpf0zcqthvtvrv4eu0z8d35vuskzwmcvd6agx0pjl536x2xshxd43c,135.948663,⏳ 113วัน 5ชม.,14/04/2026 07:00,430.5102830485589
5,addr1q9w9s0z82ccggeqjhcxtpnyq5rwt0v99r7u4yzn6v5qnnpf0zcqthvtvrv4eu0z8d35vuskzwmcvd6agx0pjl536x2xshxd43c,135.948663,⏳ 203วัน 5ชม.,13/07/2026 07:00,430.5102830485589
5,addr1q9w9s0z82ccggeqjhcxtpnyq5rwt0v99r7u4yzn6v5qnnpf0zcqthvtvrv4eu0z8d35vuskzwmcvd6agx0pjl536x2xshxd43c,135.948665,⏳ 293วัน 5ชม.,11/10/2026 07:00,430.51028938198317
1,addr1q9rrnp8ulev8r65rjwpyjvts4gf9t8pllxlxjadd76wy34d7wra9ez08wgs8wsqu6knduzanfkw0xzfekvfjrmmrwrws4elpy8,9.941048,Claimed (เคลมแล้ว),2025-12-11,31.480437496316608
1,addr1q9rrnp8ulev8r65rjwpyjvts4gf9t8pllxlxjadd76wy34d7wra9ez08wgs8wsqu6knduzanfkw0xzfekvfjrmmrwrws4elpy8,9.941048,⏳ 79วัน 5ชม.,11/03/2026 07:00,31.480437496316608
1,addr1q9rrnp8ulev8r65rjwpyjvts4gf9t8pllxlxjadd76wy34d7wra9ez08wgs8wsqu6knduzanfkw0xzfekvfjrmmrwrws4elpy8,9.941048,⏳ 169วัน 5ชม.,09/06/2026 07:00,31.480437496316608
1,addr1q9rrnp8ulev8r65rjwpyjvts4gf9t8pllxlxjadd76wy34d7wra9ez08wgs8wsqu6knduzanfkw0xzfekvfjrmmrwrws4elpy8,9.941049,⏳ 259วัน 5ชม.,07/09/2026 07:00,31.480440663028755
8,addr1q884kqc4u7smw4m55ap0fv5glgds3lnnztc7m6pnseze84emfzwqcupk985p04cyg7w9uhyj94086vd0ww07twsfnx8sus6eg7,6.042055,⏳ 9วัน 5ชม.,31/12/2025 07:00,19.13344898614384
8,addr1q884kqc4u7smw4m55ap0fv5glgds3lnnztc7m6pnseze84emfzwqcupk985p04cyg7w9uhyj94086vd0ww07twsfnx8sus6eg7,6.042055,⏳ 99วัน 5ชม.,31/03/2026 07:00,19.13344898614384
8,addr1q884kqc4u7smw4m55ap0fv5glgds3lnnztc7m6pnseze84emfzwqcupk985p04cyg7w9uhyj94086vd0ww07twsfnx8sus6eg7,6.042055,⏳ 189วัน 5ชม.,29/06/2026 07:00,19.13344898614384
8,addr1q884kqc4u7smw4m55ap0fv5glgds3lnnztc7m6pnseze84emfzwqcupk985p04cyg7w9uhyj94086vd0ww07twsfnx8sus6eg7,6.042056,⏳ 279วัน 5ชม.,27/09/2026 07:00,19.133452152855988
6,addr1qyrfjcd9jp0wxsw0n9pg6eqlctt40y6srls253w0km38fg24kfynd2mj390exwwu9w43zasuse59mruusfpn9ftty6hs2q0dce,1.156212,⏳ 72วัน 5ชม.,04/03/2026 07:00,3.6613905896532453
6,addr1qyrfjcd9jp0wxsw0n9pg6eqlctt40y6srls253w0km38fg24kfynd2mj390exwwu9w43zasuse59mruusfpn9ftty6hs2q0dce,1.156212,⏳ 162วัน 5ชม.,02/06/2026 07:00,3.6613905896532453
6,addr1qyrfjcd9jp0wxsw0n9pg6eqlctt40y6srls253w0km38fg24kfynd2mj390exwwu9w43zasuse59mruusfpn9ftty6hs2q0dce,1.156212,⏳ 252วัน 5ชม.,31/08/2026 07:00,3.6613905896532453
6,addr1qyrfjcd9jp0wxsw0n9pg6eqlctt40y6srls253w0km38fg24kfynd2mj390exwwu9w43zasuse59mruusfpn9ftty6hs2q0dce,1.156215,⏳ 342วัน 5ชม.,29/11/2026 07:00,3.6614000897896988
5,addr1qy8gz5r02ma8m8wrer7802e5n5uaclu2czev8lx9exg2naf2knpa57qsy5xsvj2fu62selcd3upxnhavgnfphkh2z9zs345mxs,159.956461,⏳ 27วัน 5ชม.,18/01/2026 07:00,506.53606869642965
5,addr1qy8gz5r02ma8m8wrer7802e5n5uaclu2czev8lx9exg2naf2knpa57qsy5xsvj2fu62selcd3upxnhavgnfphkh2z9zs345mxs,159.956461,⏳ 117วัน 5ชม.,18/04/2026 07:00,506.53606869642965
5,addr1qy8gz5r02ma8m8wrer7802e5n5uaclu2czev8lx9exg2naf2knpa57qsy5xsvj2fu62selcd3upxnhavgnfphkh2z9zs345mxs,159.956461,⏳ 207วัน 5ชม.,17/07/2026 07:00,506.53606869642965
5,addr1qy8gz5r02ma8m8wrer7802e5n5uaclu2czev8lx9exg2naf2knpa57qsy5xsvj2fu62selcd3upxnhavgnfphkh2z9zs345mxs,159.956462,⏳ 297วัน 5ชม.,15/10/2026 07:00,506.5360718631418
1,addr1qx9cvy2heg6dq3vezw89zg93twyljjjk9tkfen2ke2ktxgqxtdj8du87ewv8qesyjcfppcpaxg74h8y976wy92wtm52s064e8t,7.194659,⏳ 8วัน 5ชม.,30/12/2025 07:00,22.783414078355896
1,addr1qx9cvy2heg6dq3vezw89zg93twyljjjk9tkfen2ke2ktxgqxtdj8du87ewv8qesyjcfppcpaxg74h8y976wy92wtm52s064e8t,7.194659,⏳ 98วัน 5ชม.,30/03/2026 07:00,22.783414078355896
1,addr1qx9cvy2heg6dq3vezw89zg93twyljjjk9tkfen2ke2ktxgqxtdj8du87ewv8qesyjcfppcpaxg74h8y976wy92wtm52s064e8t,7.194659,⏳ 188วัน 5ชม.,28/06/2026 07:00,22.783414078355896
1,addr1qx9cvy2heg6dq3vezw89zg93twyljjjk9tkfen2ke2ktxgqxtdj8du87ewv8qesyjcfppcpaxg74h8y976wy92wtm52s064e8t,7.194661,⏳ 278วัน 5ชม.,26/09/2026 07:00,22.7834204117802
8,addr1q8grtehv4mm65zw4z3z757c805e0wg7yzgdxxpjkykf80mcuvc4mydqjc2y2gs49exv5gnld5ldwfmvma6h40n44er4qmtq22c,5.492777,⏳ 75วัน 5ชม.,07/03/2026 07:00,17.394043669209267
8,addr1q8grtehv4mm65zw4z3z757c805e0wg7yzgdxxpjkykf80mcuvc4mydqjc2y2gs49exv5gnld5ldwfmvma6h40n44er4qmtq22c,5.492777,⏳ 165วัน 5ชม.,05/06/2026 07:00,17.394043669209267
8,addr1q8grtehv4mm65zw4z3z757c805e0wg7yzgdxxpjkykf80mcuvc4mydqjc2y2gs49exv5gnld5ldwfmvma6h40n44er4qmtq22c,5.492777,⏳ 255วัน 5ชม.,03/09/2026 07:00,17.394043669209267
8,addr1q8grtehv4mm65zw4z3z757c805e0wg7yzgdxxpjkykf80mcuvc4mydqjc2y2gs49exv5gnld5ldwfmvma6h40n44er4qmtq22c,5.492779,⏳ 345วัน 5ชม.,02/12/2026 07:00,17.394050002633566
5,addr1qxdy7mf2cp7jxvgcn59wrxx58md8d8c805ly8rkwsk5nnj9dudzj35h8c9ft3wa4727khw79r2qxqg2c6ynattlc6wsqxtj0as,123.738654,⏳ 49วัน 5ชม.,09/02/2026 07:00,391.8446991831592
5,addr1qxdy7mf2cp7jxvgcn59wrxx58md8d8c805ly8rkwsk5nnj9dudzj35h8c9ft3wa4727khw79r2qxqg2c6ynattlc6wsqxtj0as,123.738654,⏳ 139วัน 5ชม.,10/05/2026 07:00,391.8446991831592
5,addr1qxdy7mf2cp7jxvgcn59wrxx58md8d8c805ly8rkwsk5nnj9dudzj35h8c9ft3wa4727khw79r2qxqg2c6ynattlc6wsqxtj0as,123.738654,⏳ 229วัน 5ชม.,08/08/2026 07:00,391.8446991831592
5,addr1qxdy7mf2cp7jxvgcn59wrxx58md8d8c805ly8rkwsk5nnj9dudzj35h8c9ft3wa4727khw79r2qxqg2c6ynattlc6wsqxtj0as,123.738656,⏳ 319วัน 5ชม.,06/11/2026 07:00,391.8447055165836
1,addr1qyy9jyz4tm50v6fdfe3vsr4v2ggngvfekqtj2evghh80886wnfry5aeh8hj8tg78wx7aqzgm77u093z65wky7zq6kwjqpwcmat,8.293215,✅ เคลมได้เลย,21/12/2025 07:00,26.26222471222504
1,addr1qyy9jyz4tm50v6fdfe3vsr4v2ggngvfekqtj2evghh80886wnfry5aeh8hj8tg78wx7aqzgm77u093z65wky7zq6kwjqpwcmat,8.293215,⏳ 89วัน 5ชม.,21/03/2026 07:00,26.26222471222504
1,addr1qyy9jyz4tm50v6fdfe3vsr4v2ggngvfekqtj2evghh80886wnfry5aeh8hj8tg78wx7aqzgm77u093z65wky7zq6kwjqpwcmat,8.293215,⏳ 179วัน 5ชม.,19/06/2026 07:00,26.26222471222504
1,addr1qyy9jyz4tm50v6fdfe3vsr4v2ggngvfekqtj2evghh80886wnfry5aeh8hj8tg78wx7aqzgm77u093z65wky7zq6kwjqpwcmat,8.293215,⏳ 269วัน 5ชม.,17/09/2026 07:00,26.26222471222504
8,addr1q9xuerfl38kq382pcqpklru835c7u5d4jr7h04tzf60g7xe7qjfd2adk0nfh58fawt7wuqd9gz6xayhmp8nspkdamrcqvat33r,8.257182,✅ เคลมได้เลย,21/12/2025 07:00,26.148118573284282
8,addr1q9xuerfl38kq382pcqpklru835c7u5d4jr7h04tzf60g7xe7qjfd2adk0nfh58fawt7wuqd9gz6xayhmp8nspkdamrcqvat33r,8.257182,⏳ 89วัน 5ชม.,21/03/2026 07:00,26.148118573284282
8,addr1q9xuerfl38kq382pcqpklru835c7u5d4jr7h04tzf60g7xe7qjfd2adk0nfh58fawt7wuqd9gz6xayhmp8nspkdamrcqvat33r,8.257182,⏳ 179วัน 5ชม.,19/06/2026 07:00,26.148118573284282
8,addr1q9xuerfl38kq382pcqpklru835c7u5d4jr7h04tzf60g7xe7qjfd2adk0nfh58fawt7wuqd9gz6xayhmp8nspkdamrcqvat33r,8.257184,⏳ 269วัน 5ชม.,17/09/2026 07:00,26.148124906708585
3,addr1qxt7nwdlwa9fem6jet8sh8gr28flqamw5gde0rzrzmft7tcnrw63tlw2ewqeyetq4htllz2sh3039gzj4yjwaumzqw9qfacdny,83.834399,⏳ 23วัน 5ชม.,14/01/2026 07:00,265.47940999387265
3,addr1qxt7nwdlwa9fem6jet8sh8gr28flqamw5gde0rzrzmft7tcnrw63tlw2ewqeyetq4htllz2sh3039gzj4yjwaumzqw9qfacdny,83.834399,⏳ 113วัน 5ชม.,14/04/2026 07:00,265.47940999387265
3,addr1qxt7nwdlwa9fem6jet8sh8gr28flqamw5gde0rzrzmft7tcnrw63tlw2ewqeyetq4htllz2sh3039gzj4yjwaumzqw9qfacdny,83.834399,⏳ 203วัน 5ชม.,13/07/2026 07:00,265.47940999387265
3,addr1qxt7nwdlwa9fem6jet8sh8gr28flqamw5gde0rzrzmft7tcnrw63tlw2ewqeyetq4htllz2sh3039gzj4yjwaumzqw9qfacdny,83.834401,⏳ 293วัน 5ชม.,11/10/2026 07:00,265.4794163272969
5,addr1q9n0t0agm6lwhhsl98j8hejf39rmkrfcskayx85nappz87mwltrn59yg7h9wgeact9pfu6kgzy34gxypc6pxlu9q2tjsdvaf27,84.137462,⏳ 9วัน 5ชม.,31/12/2025 07:00,266.4391232785229
5,addr1q9n0t0agm6lwhhsl98j8hejf39rmkrfcskayx85nappz87mwltrn59yg7h9wgeact9pfu6kgzy34gxypc6pxlu9q2tjsdvaf27,84.137462,⏳ 99วัน 5ชม.,31/03/2026 07:00,266.4391232785229
5,addr1q9n0t0agm6lwhhsl98j8hejf39rmkrfcskayx85nappz87mwltrn59yg7h9wgeact9pfu6kgzy34gxypc6pxlu9q2tjsdvaf27,84.137462,⏳ 189วัน 5ชม.,29/06/2026 07:00,266.4391232785229
5,addr1q9n0t0agm6lwhhsl98j8hejf39rmkrfcskayx85nappz87mwltrn59yg7h9wgeact9pfu6kgzy34gxypc6pxlu9q2tjsdvaf27,84.137463,⏳ 279วัน 5ชม.,27/09/2026 07:00,266.43912644523505
1,addr1q88jlvxauae2h6peldsqr78g7ay2ykzuu6fnez35gz2mun3gkl3x6exphtgewmfq6eqajyp70cwkz7j5kvg9ecax5a7qmvwfam,2.215127,⏳ 66วัน 5ชม.,26/02/2026 07:00,7.014669587140442
1,addr1q88jlvxauae2h6peldsqr78g7ay2ykzuu6fnez35gz2mun3gkl3x6exphtgewmfq6eqajyp70cwkz7j5kvg9ecax5a7qmvwfam,2.215127,⏳ 156วัน 5ชม.,27/05/2026 07:00,7.014669587140442
1,addr1q88jlvxauae2h6peldsqr78g7ay2ykzuu6fnez35gz2mun3gkl3x6exphtgewmfq6eqajyp70cwkz7j5kvg9ecax5a7qmvwfam,2.215127,⏳ 246วัน 5ชม.,25/08/2026 07:00,7.014669587140442
1,addr1q88jlvxauae2h6peldsqr78g7ay2ykzuu6fnez35gz2mun3gkl3x6exphtgewmfq6eqajyp70cwkz7j5kvg9ecax5a7qmvwfam,2.215128,⏳ 336วัน 5ชม.,23/11/2026 07:00,7.014672753852593
8,addr1qx2t07eeffgw7la6htdgq5lzsthvet7h35047kzwjxttanry50hutxm0fcnf3rl6gyztdwsu7u8kcg40vvpsgfkjk5lqysp0aa,3.295666,✅ เคลมได้เลย,16/12/2025 07:00,10.43642556818313
8,addr1qx2t07eeffgw7la6htdgq5lzsthvet7h35047kzwjxttanry50hutxm0fcnf3rl6gyztdwsu7u8kcg40vvpsgfkjk5lqysp0aa,3.295666,⏳ 84วัน 5ชม.,16/03/2026 07:00,10.43642556818313
8,addr1qx2t07eeffgw7la6htdgq5lzsthvet7h35047kzwjxttanry50hutxm0fcnf3rl6gyztdwsu7u8kcg40vvpsgfkjk5lqysp0aa,3.295666,⏳ 174วัน 5ชม.,14/06/2026 07:00,10.43642556818313
8,addr1qx2t07eeffgw7la6htdgq5lzsthvet7h35047kzwjxttanry50hutxm0fcnf3rl6gyztdwsu7u8kcg40vvpsgfkjk5lqysp0aa,3.295668,⏳ 264วัน 5ชม.,12/09/2026 07:00,10.436431901607431
4,addr1q8d9h8tzr27ah58u3agxz2paxsum7kgjuvd5az4x9zfcafdcmyxtv68ms7g3shgw0rdq53n5m73pzrv4x5vqla9jp3aqmcgfyc,113.735694,⏳ 31วัน 5ชม.,22/01/2026 07:00,360.1682042041434
4,addr1q8d9h8tzr27ah58u3agxz2paxsum7kgjuvd5az4x9zfcafdcmyxtv68ms7g3shgw0rdq53n5m73pzrv4x5vqla9jp3aqmcgfyc,113.735694,⏳ 121วัน 5ชม.,22/04/2026 07:00,360.1682042041434
4,addr1q8d9h8tzr27ah58u3agxz2paxsum7kgjuvd5az4x9zfcafdcmyxtv68ms7g3shgw0rdq53n5m73pzrv4x5vqla9jp3aqmcgfyc,113.735694,⏳ 211วัน 5ชม.,21/07/2026 07:00,360.1682042041434
4,addr1q8d9h8tzr27ah58u3agxz2paxsum7kgjuvd5az4x9zfcafdcmyxtv68ms7g3shgw0rdq53n5m73pzrv4x5vqla9jp3aqmcgfyc,113.735694,⏳ 301วัน 5ชม.,19/10/2026 07:00,360.1682042041434
5,addr1qx5chtqkgp60ng7t9vacrqhn8t7j45fnpy7v6nfyt2tmrmm6rv7mkx662n39ldkctx2935g2lqhg42h9f4t9v86zftvsrxatym,64.950041,⏳ 60วัน 5ชม.,20/02/2026 07:00,205.67808404945845
5,addr1qx5chtqkgp60ng7t9vacrqhn8t7j45fnpy7v6nfyt2tmrmm6rv7mkx662n39ldkctx2935g2lqhg42h9f4t9v86zftvsrxatym,64.950041,⏳ 150วัน 5ชม.,21/05/2026 07:00,205.67808404945845
5,addr1qx5chtqkgp60ng7t9vacrqhn8t7j45fnpy7v6nfyt2tmrmm6rv7mkx662n39ldkctx2935g2lqhg42h9f4t9v86zftvsrxatym,64.950041,⏳ 240วัน 5ชม.,19/08/2026 07:00,205.67808404945845
5,addr1qx5chtqkgp60ng7t9vacrqhn8t7j45fnpy7v6nfyt2tmrmm6rv7mkx662n39ldkctx2935g2lqhg42h9f4t9v86zftvsrxatym,64.950043,⏳ 330วัน 5ชม.,17/11/2026 07:00,205.67809038288274
1,addr1qxep2kkqj2lz4g9983m43s959xm9dl3xnld57ekleqm4mnj9yxxv3s92phg0zfqxwvvx9529s00a7n0fz2ndqw08l5qsygekwe,10.490326,⏳ 3วัน 5ชม.,25/12/2025 07:00,33.21984281325118
1,addr1qxep2kkqj2lz4g9983m43s959xm9dl3xnld57ekleqm4mnj9yxxv3s92phg0zfqxwvvx9529s00a7n0fz2ndqw08l5qsygekwe,10.490326,⏳ 93วัน 5ชม.,25/03/2026 07:00,33.21984281325118
1,addr1qxep2kkqj2lz4g9983m43s959xm9dl3xnld57ekleqm4mnj9yxxv3s92phg0zfqxwvvx9529s00a7n0fz2ndqw08l5qsygekwe,10.490326,⏳ 183วัน 5ชม.,23/06/2026 07:00,33.21984281325118
1,addr1qxep2kkqj2lz4g9983m43s959xm9dl3xnld57ekleqm4mnj9yxxv3s92phg0zfqxwvvx9529s00a7n0fz2ndqw08l5qsygekwe,10.490326,⏳ 273วัน 5ชม.,21/09/2026 07:00,33.21984281325118
8,addr1qyxz0lmn876zkzmt0x2zaccq268d9kmd73fwljcvfvfcjrvtl6a5m3dwzh3n7k33j0qjyzaqe3u082n8e97s2lvspafsyqzyz9,3.844944,⏳ 40วัน 5ชม.,31/01/2026 07:00,12.175830885117701
8,addr1qyxz0lmn876zkzmt0x2zaccq268d9kmd73fwljcvfvfcjrvtl6a5m3dwzh3n7k33j0qjyzaqe3u082n8e97s2lvspafsyqzyz9,3.844944,⏳ 130วัน 5ชม.,01/05/2026 07:00,12.175830885117701
8,addr1qyxz0lmn876zkzmt0x2zaccq268d9kmd73fwljcvfvfcjrvtl6a5m3dwzh3n7k33j0qjyzaqe3u082n8e97s2lvspafsyqzyz9,3.844944,⏳ 220วัน 5ชม.,30/07/2026 07:00,12.175830885117701
8,addr1qyxz0lmn876zkzmt0x2zaccq268d9kmd73fwljcvfvfcjrvtl6a5m3dwzh3n7k33j0qjyzaqe3u082n8e97s2lvspafsyqzyz9,3.844945,⏳ 310วัน 5ชม.,28/10/2026 07:00,12.175834051829852
5,addr1qyv49yrjzypkzdjglhzysjvu8dckg37v0309m3t7ta594rjjjwzcfen4wve8s4he4sexme07kpnzy4r3lnlazkq9nvrszwmqxc,51.986119,Claimed (เคลมแล้ว),2025-12-11,164.62507472608291
5,addr1qyv49yrjzypkzdjglhzysjvu8dckg37v0309m3t7ta594rjjjwzcfen4wve8s4he4sexme07kpnzy4r3lnlazkq9nvrszwmqxc,51.986119,⏳ 79วัน 5ชม.,11/03/2026 07:00,164.62507472608291
5,addr1qyv49yrjzypkzdjglhzysjvu8dckg37v0309m3t7ta594rjjjwzcfen4wve8s4he4sexme07kpnzy4r3lnlazkq9nvrszwmqxc,51.986119,⏳ 169วัน 5ชม.,09/06/2026 07:00,164.62507472608291
5,addr1qyv49yrjzypkzdjglhzysjvu8dckg37v0309m3t7ta594rjjjwzcfen4wve8s4he4sexme07kpnzy4r3lnlazkq9nvrszwmqxc,51.98612,⏳ 259วัน 5ชม.,07/09/2026 07:00,164.62507789279508
3,addr1q9scy5n0c60rcwlrezlevv5alufuz4zvslq0xsw4pqw42j67t0jzshgjcpsun995anc2z9v3c2szl8ypjpz5lpqmelzse7rq22,42.402895,⏳ 75วัน 5ชม.,07/03/2026 07:00,134.27776283852324
3,addr1q9scy5n0c60rcwlrezlevv5alufuz4zvslq0xsw4pqw42j67t0jzshgjcpsun995anc2z9v3c2szl8ypjpz5lpqmelzse7rq22,42.402895,⏳ 165วัน 5ชม.,05/06/2026 07:00,134.27776283852324
3,addr1q9scy5n0c60rcwlrezlevv5alufuz4zvslq0xsw4pqw42j67t0jzshgjcpsun995anc2z9v3c2szl8ypjpz5lpqmelzse7rq22,42.402895,⏳ 255วัน 5ชม.,03/09/2026 07:00,134.27776283852324
3,addr1q9scy5n0c60rcwlrezlevv5alufuz4zvslq0xsw4pqw42j67t0jzshgjcpsun995anc2z9v3c2szl8ypjpz5lpqmelzse7rq22,42.402897,⏳ 345วัน 5ชม.,02/12/2026 07:00,134.27776917194757
1,addr1qy78p88pwjpw0cnevu9lg80dys4hk2ugceqcyfztrpl572upkcuem0zt0m68ejx8pmzy6v6uqxze5cylmauqc5m8s2lqjgds32,7.194659,⏳ 51วัน 5ชม.,11/02/2026 07:00,22.783414078355896
1,addr1qy78p88pwjpw0cnevu9lg80dys4hk2ugceqcyfztrpl572upkcuem0zt0m68ejx8pmzy6v6uqxze5cylmauqc5m8s2lqjgds32,7.194659,⏳ 141วัน 5ชม.,12/05/2026 07:00,22.783414078355896
1,addr1qy78p88pwjpw0cnevu9lg80dys4hk2ugceqcyfztrpl572upkcuem0zt0m68ejx8pmzy6v6uqxze5cylmauqc5m8s2lqjgds32,7.194659,⏳ 231วัน 5ชม.,10/08/2026 07:00,22.783414078355896
1,addr1qy78p88pwjpw0cnevu9lg80dys4hk2ugceqcyfztrpl572upkcuem0zt0m68ejx8pmzy6v6uqxze5cylmauqc5m8s2lqjgds32,7.194661,⏳ 321วัน 5ชม.,08/11/2026 07:00,22.7834204117802
8,addr1q8cmd6ys637686qt6zc8lq82wddf72kk3fd8ae2pqr7rv2jy8dggvy5dac7weu09e0c3uygdvcaq44vugs7yt7ujhxjsk986e9,2.746388,✅ เคลมได้เลย,19/12/2025 07:00,8.697020251248558
8,addr1q8cmd6ys637686qt6zc8lq82wddf72kk3fd8ae2pqr7rv2jy8dggvy5dac7weu09e0c3uygdvcaq44vugs7yt7ujhxjsk986e9,2.746388,⏳ 87วัน 5ชม.,19/03/2026 07:00,8.697020251248558
8,addr1q8cmd6ys637686qt6zc8lq82wddf72kk3fd8ae2pqr7rv2jy8dggvy5dac7weu09e0c3uygdvcaq44vugs7yt7ujhxjsk986e9,2.746388,⏳ 177วัน 5ชม.,17/06/2026 07:00,8.697020251248558
8,addr1q8cmd6ys637686qt6zc8lq82wddf72kk3fd8ae2pqr7rv2jy8dggvy5dac7weu09e0c3uygdvcaq44vugs7yt7ujhxjsk986e9,2.746391,⏳ 267วัน 5ชม.,15/09/2026 07:00,8.697029751385012
5,addr1q85x6jgjhzye0nqjw9rdc69c9wkmddkuha3cutna0yx2mtltl2ap3czd6epkv39gsnt8fl5pejjekatrw0flxk4zfs4swru3z5,43.570352,⏳ 63วัน 5ชม.,23/02/2026 07:00,137.97476310631566
5,addr1q85x6jgjhzye0nqjw9rdc69c9wkmddkuha3cutna0yx2mtltl2ap3czd6epkv39gsnt8fl5pejjekatrw0flxk4zfs4swru3z5,43.570352,⏳ 153วัน 5ชม.,24/05/2026 07:00,137.97476310631566
5,addr1q85x6jgjhzye0nqjw9rdc69c9wkmddkuha3cutna0yx2mtltl2ap3czd6epkv39gsnt8fl5pejjekatrw0flxk4zfs4swru3z5,43.570352,⏳ 243วัน 5ชม.,22/08/2026 07:00,137.97476310631566
5,addr1q85x6jgjhzye0nqjw9rdc69c9wkmddkuha3cutna0yx2mtltl2ap3czd6epkv39gsnt8fl5pejjekatrw0flxk4zfs4swru3z5,43.570353,⏳ 333วัน 5ชม.,20/11/2026 07:00,137.97476627302783
1,addr1q8wuqvfdtgfztnkp2sqhlvgfpej0l02v029clu6fcr5zwthknyn0gejmh4vem4tljn0ea0kknqaz34lgmgkmywjzs3sq3retkj,0.549277,⏳ 77วัน 5ชม.,09/03/2026 07:00,1.7394021502224208
1,addr1q8wuqvfdtgfztnkp2sqhlvgfpej0l02v029clu6fcr5zwthknyn0gejmh4vem4tljn0ea0kknqaz34lgmgkmywjzs3sq3retkj,0.549277,⏳ 167วัน 5ชม.,07/06/2026 07:00,1.7394021502224208
1,addr1q8wuqvfdtgfztnkp2sqhlvgfpej0l02v029clu6fcr5zwthknyn0gejmh4vem4tljn0ea0kknqaz34lgmgkmywjzs3sq3retkj,0.549277,⏳ 257วัน 5ชม.,05/09/2026 07:00,1.7394021502224208
1,addr1q8wuqvfdtgfztnkp2sqhlvgfpej0l02v029clu6fcr5zwthknyn0gejmh4vem4tljn0ea0kknqaz34lgmgkmywjzs3sq3retkj,0.54928,⏳ 347วัน 5ชม.,04/12/2026 07:00,1.7394116503588741
8,addr1q9ftvtdxam32rkd8ttr0duv47jqneqq0x2cwmu47nxflluccrl99s2uhf3u4q8lh9ycwg23kudzggp20s7ykv97lc2zsklgw72,7.689888,⏳ 66วัน 5ชม.,26/02/2026 07:00,24.351661770235403
8,addr1q9ftvtdxam32rkd8ttr0duv47jqneqq0x2cwmu47nxflluccrl99s2uhf3u4q8lh9ycwg23kudzggp20s7ykv97lc2zsklgw72,7.689888,⏳ 156วัน 5ชม.,27/05/2026 07:00,24.351661770235403
8,addr1q9ftvtdxam32rkd8ttr0duv47jqneqq0x2cwmu47nxflluccrl99s2uhf3u4q8lh9ycwg23kudzggp20s7ykv97lc2zsklgw72,7.689888,⏳ 246วัน 5ชม.,25/08/2026 07:00,24.351661770235403
8,addr1q9ftvtdxam32rkd8ttr0duv47jqneqq0x2cwmu47nxflluccrl99s2uhf3u4q8lh9ycwg23kudzggp20s7ykv97lc2zsklgw72,7.68989,⏳ 336วัน 5ชม.,23/11/2026 07:00,24.351668103659705
6,addr1q9mlt7w4n7q3nvuqjvl22gv8mmug8z6svc8cav6cpc23dwkfwf9j37nm7zxnnjwrnm0rpp4sd7ge67j6kulln23ez0dqjc8e6t,1.748688,⏳ 8วัน 5ชม.,30/12/2025 07:00,5.537591538091245
6,addr1q9mlt7w4n7q3nvuqjvl22gv8mmug8z6svc8cav6cpc23dwkfwf9j37nm7zxnnjwrnm0rpp4sd7ge67j6kulln23ez0dqjc8e6t,1.748688,⏳ 98วัน 5ชม.,30/03/2026 07:00,5.537591538091245
6,addr1q9mlt7w4n7q3nvuqjvl22gv8mmug8z6svc8cav6cpc23dwkfwf9j37nm7zxnnjwrnm0rpp4sd7ge67j6kulln23ez0dqjc8e6t,1.748688,⏳ 188วัน 5ชม.,28/06/2026 07:00,5.537591538091245
6,addr1q9mlt7w4n7q3nvuqjvl22gv8mmug8z6svc8cav6cpc23dwkfwf9j37nm7zxnnjwrnm0rpp4sd7ge67j6kulln23ez0dqjc8e6t,1.748689,⏳ 278วัน 5ชม.,26/09/2026 07:00,5.5375947048033956
5,addr1q90me6mndnz053wn9s4qpwzemajydqamxq9gjexde0cflujjmuhpjc97vasp3gpajjteyql3ywrdsscmtptmpxhgqsastsfehj,35.59971,⏳ 9วัน 5ชม.,31/12/2025 07:00,112.73403423280898
5,addr1q90me6mndnz053wn9s4qpwzemajydqamxq9gjexde0cflujjmuhpjc97vasp3gpajjteyql3ywrdsscmtptmpxhgqsastsfehj,35.59971,⏳ 99วัน 5ชม.,31/03/2026 07:00,112.73403423280898
5,addr1q90me6mndnz053wn9s4qpwzemajydqamxq9gjexde0cflujjmuhpjc97vasp3gpajjteyql3ywrdsscmtptmpxhgqsastsfehj,35.59971,⏳ 189วัน 5ชม.,29/06/2026 07:00,112.73403423280898
5,addr1q90me6mndnz053wn9s4qpwzemajydqamxq9gjexde0cflujjmuhpjc97vasp3gpajjteyql3ywrdsscmtptmpxhgqsastsfehj,35.599711,⏳ 279วัน 5ชม.,27/09/2026 07:00,112.73403739952113
1,addr1q9evgpf7ampkpuyc69tehq8tjzpr5llsennl8nuuhxdq5c0a9qj20revwmmgglsukpn07n9pgkzew57hq0tka9k7xyjqawztz9,0.549277,⏳ 35วัน 5ชม.,26/01/2026 07:00,1.7394021502224208
1,addr1q9evgpf7ampkpuyc69tehq8tjzpr5llsennl8nuuhxdq5c0a9qj20revwmmgglsukpn07n9pgkzew57hq0tka9k7xyjqawztz9,0.549277,⏳ 125วัน 5ชม.,26/04/2026 07:00,1.7394021502224208
1,addr1q9evgpf7ampkpuyc69tehq8tjzpr5llsennl8nuuhxdq5c0a9qj20revwmmgglsukpn07n9pgkzew57hq0tka9k7xyjqawztz9,0.549277,⏳ 215วัน 5ชม.,25/07/2026 07:00,1.7394021502224208
1,addr1q9evgpf7ampkpuyc69tehq8tjzpr5llsennl8nuuhxdq5c0a9qj20revwmmgglsukpn07n9pgkzew57hq0tka9k7xyjqawztz9,0.54928,⏳ 305วัน 5ชม.,23/10/2026 07:00,1.7394116503588741
8,addr1q8wmq35kzkdy23klzx369pll3cmv9falznss4tl9vjze0vkmed62u2ku0233u4lmneeqrjr047nzu79d9x45a64z65usc32f85,1.098555,⏳ 24วัน 5ชม.,15/01/2026 07:00,3.478807467156993
8,addr1q8wmq35kzkdy23klzx369pll3cmv9falznss4tl9vjze0vkmed62u2ku0233u4lmneeqrjr047nzu79d9x45a64z65usc32f85,1.098555,⏳ 114วัน 5ชม.,15/04/2026 07:00,3.478807467156993
8,addr1q8wmq35kzkdy23klzx369pll3cmv9falznss4tl9vjze0vkmed62u2ku0233u4lmneeqrjr047nzu79d9x45a64z65usc32f85,1.098555,⏳ 204วัน 5ชม.,14/07/2026 07:00,3.478807467156993
8,addr1q8wmq35kzkdy23klzx369pll3cmv9falznss4tl9vjze0vkmed62u2ku0233u4lmneeqrjr047nzu79d9x45a64z65usc32f85,1.098557,⏳ 294วัน 5ชม.,12/10/2026 07:00,3.478813800581295
6,addr1qxww03fcq5h0q5l599zv3gzxnv5htwqa9cm0ah8dddaddf4kwlye6pac0vf9ssgvw90yjmymnmqqvz2678eagyjha9cqzull44,4.032375,⏳ 73วัน 5ชม.,05/03/2026 07:00,12.769370910311435
6,addr1qxww03fcq5h0q5l599zv3gzxnv5htwqa9cm0ah8dddaddf4kwlye6pac0vf9ssgvw90yjmymnmqqvz2678eagyjha9cqzull44,4.032375,⏳ 163วัน 5ชม.,03/06/2026 07:00,12.769370910311435
6,addr1qxww03fcq5h0q5l599zv3gzxnv5htwqa9cm0ah8dddaddf4kwlye6pac0vf9ssgvw90yjmymnmqqvz2678eagyjha9cqzull44,4.032375,⏳ 253วัน 5ชม.,01/09/2026 07:00,12.769370910311435
6,addr1qxww03fcq5h0q5l599zv3gzxnv5htwqa9cm0ah8dddaddf4kwlye6pac0vf9ssgvw90yjmymnmqqvz2678eagyjha9cqzull44,4.032377,⏳ 343วัน 5ชม.,30/11/2026 07:00,12.769377243735738
5,addr1q8hw2e5tdscx3expnma8xn2yjvm5smu8paflutwp7fkdmgakx7nje839xwy0rtvy3ygkjceg0g0dgw38xr28hhthhmmsm9amta,103.364982,⏳ 42วัน 5ชม.,02/02/2026 07:00,327.3271444981345
5,addr1q8hw2e5tdscx3expnma8xn2yjvm5smu8paflutwp7fkdmgakx7nje839xwy0rtvy3ygkjceg0g0dgw38xr28hhthhmmsm9amta,103.364982,⏳ 132วัน 5ชม.,03/05/2026 07:00,327.3271444981345
5,addr1q8hw2e5tdscx3expnma8xn2yjvm5smu8paflutwp7fkdmgakx7nje839xwy0rtvy3ygkjceg0g0dgw38xr28hhthhmmsm9amta,103.364982,⏳ 222วัน 5ชม.,01/08/2026 07:00,327.3271444981345
5,addr1q8hw2e5tdscx3expnma8xn2yjvm5smu8paflutwp7fkdmgakx7nje839xwy0rtvy3ygkjceg0g0dgw38xr28hhthhmmsm9amta,103.364982,⏳ 312วัน 5ชม.,30/10/2026 07:00,327.3271444981345
6,addr1qx2zm8txgvt3xfk9vly8qcuy998jpavcc394j9vxarl42c8tc7ajag0r9k8lreejkfjweww5y4v2kyrw3um74n4vcfzqxy3s73,7.443537,⏳ 35วัน 5ชม.,26/01/2026 07:00,23.57153906509857
6,addr1qx2zm8txgvt3xfk9vly8qcuy998jpavcc394j9vxarl42c8tc7ajag0r9k8lreejkfjweww5y4v2kyrw3um74n4vcfzqxy3s73,7.443537,⏳ 125วัน 5ชม.,26/04/2026 07:00,23.57153906509857
6,addr1qx2zm8txgvt3xfk9vly8qcuy998jpavcc394j9vxarl42c8tc7ajag0r9k8lreejkfjweww5y4v2kyrw3um74n4vcfzqxy3s73,7.443537,⏳ 215วัน 5ชม.,25/07/2026 07:00,23.57153906509857
6,addr1qx2zm8txgvt3xfk9vly8qcuy998jpavcc394j9vxarl42c8tc7ajag0r9k8lreejkfjweww5y4v2kyrw3um74n4vcfzqxy3s73,7.443538,⏳ 305วัน 5ชม.,23/10/2026 07:00,23.571542231810724
9,addr1qxmzw262h42whql94cunmfxc30vea34qc5kndeeutswhurq6jqu6rysfpp3yl27pkuxcnyqg5uy5cag76yjg93nj526qg4npdj,118.635835,⏳ 69วัน 5ชม.,01/03/2026 07:00,375.6855402509705
9,addr1qxmzw262h42whql94cunmfxc30vea34qc5kndeeutswhurq6jqu6rysfpp3yl27pkuxcnyqg5uy5cag76yjg93nj526qg4npdj,118.635835,⏳ 159วัน 5ชม.,30/05/2026 07:00,375.6855402509705
9,addr1qxmzw262h42whql94cunmfxc30vea34qc5kndeeutswhurq6jqu6rysfpp3yl27pkuxcnyqg5uy5cag76yjg93nj526qg4npdj,118.635835,⏳ 249วัน 5ชม.,28/08/2026 07:00,375.6855402509705
9,addr1qxmzw262h42whql94cunmfxc30vea34qc5kndeeutswhurq6jqu6rysfpp3yl27pkuxcnyqg5uy5cag76yjg93nj526qg4npdj,118.635838,⏳ 339วัน 5ชม.,26/11/2026 07:00,375.685549751107
8,addr1qyp9czwl6lq3qa3r867eny5kkasf5pqtykpwkygpn6ckpz035zqmu4xxe3zhzq5grvevvkhkr76rhafaxdgap50k7pwsx8n2ft,1.647833,⏳ 70วัน 5ชม.,02/03/2026 07:00,5.218212784091565
8,addr1qyp9czwl6lq3qa3r867eny5kkasf5pqtykpwkygpn6ckpz035zqmu4xxe3zhzq5grvevvkhkr76rhafaxdgap50k7pwsx8n2ft,1.647833,⏳ 160วัน 5ชม.,31/05/2026 07:00,5.218212784091565
8,addr1qyp9czwl6lq3qa3r867eny5kkasf5pqtykpwkygpn6ckpz035zqmu4xxe3zhzq5grvevvkhkr76rhafaxdgap50k7pwsx8n2ft,1.647833,⏳ 250วัน 5ชม.,29/08/2026 07:00,5.218212784091565
8,addr1qyp9czwl6lq3qa3r867eny5kkasf5pqtykpwkygpn6ckpz035zqmu4xxe3zhzq5grvevvkhkr76rhafaxdgap50k7pwsx8n2ft,1.647834,⏳ 340วัน 5ชม.,27/11/2026 07:00,5.218215950803716
6,addr1qx28psgtffsjlev2symxymyccxnzt22q7kkvtah6pf67y0us66latz6mqect5pdrsvyt2nrsffcevdmvvtsaflhw9hwq60mkn9,6.316062,⏳ 38วัน 5ชม.,29/01/2026 07:00,20.001150282531626
6,addr1qx28psgtffsjlev2symxymyccxnzt22q7kkvtah6pf67y0us66latz6mqect5pdrsvyt2nrsffcevdmvvtsaflhw9hwq60mkn9,6.316062,⏳ 128วัน 5ชม.,29/04/2026 07:00,20.001150282531626
6,addr1qx28psgtffsjlev2symxymyccxnzt22q7kkvtah6pf67y0us66latz6mqect5pdrsvyt2nrsffcevdmvvtsaflhw9hwq60mkn9,6.316062,⏳ 218วัน 5ชม.,28/07/2026 07:00,20.001150282531626
6,addr1qx28psgtffsjlev2symxymyccxnzt22q7kkvtah6pf67y0us66latz6mqect5pdrsvyt2nrsffcevdmvvtsaflhw9hwq60mkn9,6.316065,⏳ 308วัน 5ชม.,26/10/2026 07:00,20.00115978266808
5,addr1qx3q0aycfaee35yq0kvj5hzllfwmxsyex2w0ds73pnjfxpn9pnvcle8aw47rfmqllrsk8rthvxjhyjm3rpul2kqpkwyq6csvc3,28.453863,⏳ 60วัน 5ชม.,20/02/2026 07:00,90.1051937079728
5,addr1qx3q0aycfaee35yq0kvj5hzllfwmxsyex2w0ds73pnjfxpn9pnvcle8aw47rfmqllrsk8rthvxjhyjm3rpul2kqpkwyq6csvc3,28.453863,⏳ 150วัน 5ชม.,21/05/2026 07:00,90.1051937079728
5,addr1qx3q0aycfaee35yq0kvj5hzllfwmxsyex2w0ds73pnjfxpn9pnvcle8aw47rfmqllrsk8rthvxjhyjm3rpul2kqpkwyq6csvc3,28.453863,⏳ 240วัน 5ชม.,19/08/2026 07:00,90.1051937079728
5,addr1qx3q0aycfaee35yq0kvj5hzllfwmxsyex2w0ds73pnjfxpn9pnvcle8aw47rfmqllrsk8rthvxjhyjm3rpul2kqpkwyq6csvc3,28.453866,⏳ 330วัน 5ชม.,17/11/2026 07:00,90.10520320810927
1,addr1qxvz38a36jqv44ypqu8xlvz9sr82wx5xjz3rzhfru2s5737wjt7g3v9ryrh7mj89785d2g438jzk82wm7yn6fnr24qlse4fc3f,0.549277,⏳ 40วัน 5ชม.,31/01/2026 07:00,1.7394021502224208
1,addr1qxvz38a36jqv44ypqu8xlvz9sr82wx5xjz3rzhfru2s5737wjt7g3v9ryrh7mj89785d2g438jzk82wm7yn6fnr24qlse4fc3f,0.549277,⏳ 130วัน 5ชม.,01/05/2026 07:00,1.7394021502224208
1,addr1qxvz38a36jqv44ypqu8xlvz9sr82wx5xjz3rzhfru2s5737wjt7g3v9ryrh7mj89785d2g438jzk82wm7yn6fnr24qlse4fc3f,0.549277,⏳ 220วัน 5ชม.,30/07/2026 07:00,1.7394021502224208
1,addr1qxvz38a36jqv44ypqu8xlvz9sr82wx5xjz3rzhfru2s5737wjt7g3v9ryrh7mj89785d2g438jzk82wm7yn6fnr24qlse4fc3f,0.54928,⏳ 310วัน 5ชม.,28/10/2026 07:00,1.7394116503588741
8,addr1qxz83fhjzg7e9r3lsd3h67k0aufzw0sl3k5y383k8fja5xuc4dfus25sedmawd28pf9qulqrxw757hsvg3vefm68r5cqzlvzwe,2.197111,⏳ 61วัน 5ชม.,21/02/2026 07:00,6.957618101026137
8,addr1qxz83fhjzg7e9r3lsd3h67k0aufzw0sl3k5y383k8fja5xuc4dfus25sedmawd28pf9qulqrxw757hsvg3vefm68r5cqzlvzwe,2.197111,⏳ 151วัน 5ชม.,22/05/2026 07:00,6.957618101026137
8,addr1qxz83fhjzg7e9r3lsd3h67k0aufzw0sl3k5y383k8fja5xuc4dfus25sedmawd28pf9qulqrxw757hsvg3vefm68r5cqzlvzwe,2.197111,⏳ 241วัน 5ชม.,20/08/2026 07:00,6.957618101026137
8,addr1qxz83fhjzg7e9r3lsd3h67k0aufzw0sl3k5y383k8fja5xuc4dfus25sedmawd28pf9qulqrxw757hsvg3vefm68r5cqzlvzwe,2.197111,⏳ 331วัน 5ชม.,18/11/2026 07:00,6.957618101026137
6,addr1qxa6s5xmq53m9t0a5pzuqkh24zd2xja537wwgfdr9fea39u9dq952dmftmk4apuu6msx3u3vv98qgkk2hfqy6kxely5s9a4kxw,5.131111,✅ เคลมได้เลย,20/12/2025 07:00,16.24875155236778
6,addr1qxa6s5xmq53m9t0a5pzuqkh24zd2xja537wwgfdr9fea39u9dq952dmftmk4apuu6msx3u3vv98qgkk2hfqy6kxely5s9a4kxw,5.131111,⏳ 88วัน 5ชม.,20/03/2026 07:00,16.24875155236778
6,addr1qxa6s5xmq53m9t0a5pzuqkh24zd2xja537wwgfdr9fea39u9dq952dmftmk4apuu6msx3u3vv98qgkk2hfqy6kxely5s9a4kxw,5.131111,⏳ 178วัน 5ชม.,18/06/2026 07:00,16.24875155236778
6,addr1qxa6s5xmq53m9t0a5pzuqkh24zd2xja537wwgfdr9fea39u9dq952dmftmk4apuu6msx3u3vv98qgkk2hfqy6kxely5s9a4kxw,5.131114,⏳ 268วัน 5ชม.,16/09/2026 07:00,16.248761052504232
5,addr1qyca5d2t8urwvmvf02mv7cvxh92lc2543ml87defc5uqy6p08s37er9humz0zhn58ffnf7huyj0zy3vursvvkaal4jgq7cmrwx,14.908164,⏳ 36วัน 5ชม.,27/01/2026 07:00,47.20986408946394
5,addr1qyca5d2t8urwvmvf02mv7cvxh92lc2543ml87defc5uqy6p08s37er9humz0zhn58ffnf7huyj0zy3vursvvkaal4jgq7cmrwx,14.908164,⏳ 126วัน 5ชม.,27/04/2026 07:00,47.20986408946394
5,addr1qyca5d2t8urwvmvf02mv7cvxh92lc2543ml87defc5uqy6p08s37er9humz0zhn58ffnf7huyj0zy3vursvvkaal4jgq7cmrwx,14.908164,⏳ 216วัน 5ชม.,26/07/2026 07:00,47.20986408946394
5,addr1qyca5d2t8urwvmvf02mv7cvxh92lc2543ml87defc5uqy6p08s37er9humz0zhn58ffnf7huyj0zy3vursvvkaal4jgq7cmrwx,14.908166,⏳ 306วัน 5ชม.,24/10/2026 07:00,47.209870422888244
6,addr1qxamcfhkhcjvh9ehk9tlk66wq09krygujruu3r0u2jshs3cpkgpnemz8h77smdgclw8ysxpnn54udsqj3ykzprwe52xqkujv5e,1.156212,⏳ 27วัน 5ชม.,18/01/2026 07:00,3.6613905896532453
6,addr1qxamcfhkhcjvh9ehk9tlk66wq09krygujruu3r0u2jshs3cpkgpnemz8h77smdgclw8ysxpnn54udsqj3ykzprwe52xqkujv5e,1.156212,⏳ 117วัน 5ชม.,18/04/2026 07:00,3.6613905896532453
6,addr1qxamcfhkhcjvh9ehk9tlk66wq09krygujruu3r0u2jshs3cpkgpnemz8h77smdgclw8ysxpnn54udsqj3ykzprwe52xqkujv5e,1.156212,⏳ 207วัน 5ชม.,17/07/2026 07:00,3.6613905896532453
6,addr1qxamcfhkhcjvh9ehk9tlk66wq09krygujruu3r0u2jshs3cpkgpnemz8h77smdgclw8ysxpnn54udsqj3ykzprwe52xqkujv5e,1.156215,⏳ 297วัน 5ชม.,15/10/2026 07:00,3.6614000897896988
9,addr1q9upa2jcull6d58efxfstwl7u82xuxam0p0ns8ppm69hw6pg044dqg89hqyjq6hm2339750rx9lq34jkp0gtp76rdapqzyf9gf,101.838961,✅ เคลมได้เลย,16/12/2025 07:00,322.49467525459335
9,addr1q9upa2jcull6d58efxfstwl7u82xuxam0p0ns8ppm69hw6pg044dqg89hqyjq6hm2339750rx9lq34jkp0gtp76rdapqzyf9gf,101.838961,⏳ 84วัน 5ชม.,16/03/2026 07:00,322.49467525459335
9,addr1q9upa2jcull6d58efxfstwl7u82xuxam0p0ns8ppm69hw6pg044dqg89hqyjq6hm2339750rx9lq34jkp0gtp76rdapqzyf9gf,101.838961,⏳ 174วัน 5ชม.,14/06/2026 07:00,322.49467525459335
9,addr1q9upa2jcull6d58efxfstwl7u82xuxam0p0ns8ppm69hw6pg044dqg89hqyjq6hm2339750rx9lq34jkp0gtp76rdapqzyf9gf,101.838964,⏳ 264วัน 5ชม.,12/09/2026 07:00,322.4946847547298
8,addr1qyw2encx4k79xut0cm3nswjq0ds0nfg8smwyk3xmf65z6z348f9dwrw3na4y5c2jumjvz39ep5qc0mxu8tyem320ca3spxgau5,7.14061,⏳ 64วัน 5ชม.,24/02/2026 07:00,22.61225645330083
8,addr1qyw2encx4k79xut0cm3nswjq0ds0nfg8smwyk3xmf65z6z348f9dwrw3na4y5c2jumjvz39ep5qc0mxu8tyem320ca3spxgau5,7.14061,⏳ 154วัน 5ชม.,25/05/2026 07:00,22.61225645330083
8,addr1qyw2encx4k79xut0cm3nswjq0ds0nfg8smwyk3xmf65z6z348f9dwrw3na4y5c2jumjvz39ep5qc0mxu8tyem320ca3spxgau5,7.14061,⏳ 244วัน 5ชม.,23/08/2026 07:00,22.61225645330083
8,addr1qyw2encx4k79xut0cm3nswjq0ds0nfg8smwyk3xmf65z6z348f9dwrw3na4y5c2jumjvz39ep5qc0mxu8tyem320ca3spxgau5,7.140613,⏳ 334วัน 5ชม.,21/11/2026 07:00,22.612265953437284
